<?xml version="1.0" encoding="UTF-8"?>
<PeakList>
  <PeakList1D>
    <PeakList1DHeader creator="nmr" date="2023-03-20T11:44:38.576-04:00" expNo="20" name="357_Pyridine_333" owner="" procNo="1" source="/opt/topspin3.0/data/UG_labs/nmr">
      <PeakPickDetails>F1=16.188850ppm, F2=-3.838861ppm, MI=0.10cm, MAXI=10000.00cm, PC=1.000
      </PeakPickDetails>
    </PeakList1DHeader>
    <Peak1D F1="10.164280" intensity="2.001588e-01" type="0"/>
    <Peak1D F1="9.582316" intensity="1.855938e-01" type="0"/>
    <Peak1D F1="9.543586" intensity="3.718305e+00" type="0"/>
    <Peak1D F1="9.517718" intensity="2.196837e-01" type="0"/>
    <Peak1D F1="9.071730" intensity="1.329976e-01" type="0"/>
    <Peak1D F1="8.695607" intensity="3.008070e-01" type="0"/>
    <Peak1D F1="5.653314" intensity="8.613906e-01" type="0"/>
    <Peak1D F1="4.328138" intensity="1.099568e-01" type="0"/>
    <Peak1D F1="4.276895" intensity="1.770677e-01" type="0"/>
    <Peak1D F1="4.255907" intensity="9.078013e-01" type="0"/>
    <Peak1D F1="4.243250" intensity="4.839871e-01" type="0"/>
    <Peak1D F1="4.221213" intensity="1.421817e+01" type="0"/>
    <Peak1D F1="4.218617" intensity="1.500000e+01" type="0"/>
    <Peak1D F1="4.190775" intensity="8.415178e-01" type="0"/>
    <Peak1D F1="4.189396" intensity="8.462317e-01" type="0"/>
    <Peak1D F1="4.170720" intensity="1.247011e+01" type="0"/>
    <Peak1D F1="4.168501" intensity="1.361632e+01" type="0"/>
    <Peak1D F1="4.140776" intensity="8.306846e-01" type="0"/>
    <Peak1D F1="4.139079" intensity="8.824501e-01" type="0"/>
    <Peak1D F1="4.126762" intensity="1.551330e-01" type="0"/>
    <Peak1D F1="4.100664" intensity="1.868002e-01" type="0"/>
    <Peak1D F1="4.098864" intensity="1.852659e-01" type="0"/>
    <Peak1D F1="4.051086" intensity="1.129717e-01" type="0"/>
    <Peak1D F1="4.048775" intensity="1.146732e-01" type="0"/>
  </PeakList1D>
</PeakList>
