<?xml version="1.0" encoding="UTF-8"?>
<PeakList>
  <PeakList1D>
    <PeakList1DHeader creator="nmr" date="2022-03-21T13:09:56.338-04:00" expNo="1" name="357dma_373" owner="" procNo="1" source="/opt/topspin3.0/data/UG-labs/nmr">
      <PeakPickDetails>F1=16.186520ppm, F2=-3.836521ppm, MI=0.00cm, MAXI=10000.00cm, PC=1.000
      </PeakPickDetails>
    </PeakList1DHeader>
    <Peak1D F1="16.134100" intensity="4.008240e-04" type="0"/>
    <Peak1D F1="16.043928" intensity="4.129215e-04" type="0"/>
    <Peak1D F1="15.984081" intensity="4.048756e-04" type="0"/>
    <Peak1D F1="15.874331" intensity="4.406167e-04" type="0"/>
    <Peak1D F1="15.854834" intensity="4.520722e-04" type="0"/>
    <Peak1D F1="15.812876" intensity="4.568239e-04" type="0"/>
    <Peak1D F1="15.797705" intensity="3.891705e-04" type="0"/>
    <Peak1D F1="15.714989" intensity="3.938011e-04" type="0"/>
    <Peak1D F1="15.660151" intensity="3.959654e-04" type="0"/>
    <Peak1D F1="15.637172" intensity="4.397401e-04" type="0"/>
    <Peak1D F1="15.554832" intensity="4.433473e-04" type="0"/>
    <Peak1D F1="15.077250" intensity="4.078155e-04" type="0"/>
    <Peak1D F1="11.042986" intensity="4.065077e-04" type="0"/>
    <Peak1D F1="10.041775" intensity="5.095805e-04" type="0"/>
    <Peak1D F1="9.449701" intensity="1.737220e-03" type="0"/>
    <Peak1D F1="8.432177" intensity="5.284483e-04" type="0"/>
    <Peak1D F1="8.283838" intensity="5.574709e-04" type="0"/>
    <Peak1D F1="8.193045" intensity="4.067995e-02" type="0"/>
    <Peak1D F1="5.313940" intensity="4.209878e-04" type="0"/>
    <Peak1D F1="4.672227" intensity="5.282265e-04" type="0"/>
    <Peak1D F1="4.654519" intensity="4.970840e-04" type="0"/>
    <Peak1D F1="4.614109" intensity="4.165062e-04" type="0"/>
    <Peak1D F1="4.563863" intensity="4.586590e-04" type="0"/>
    <Peak1D F1="4.281143" intensity="5.940096e-04" type="0"/>
    <Peak1D F1="4.261056" intensity="6.343548e-04" type="0"/>
    <Peak1D F1="4.249642" intensity="6.443570e-04" type="0"/>
    <Peak1D F1="4.205669" intensity="4.323164e-04" type="0"/>
    <Peak1D F1="4.184885" intensity="4.439058e-04" type="0"/>
    <Peak1D F1="4.071140" intensity="9.778360e-04" type="0"/>
    <Peak1D F1="3.984662" intensity="1.555536e-03" type="0"/>
    <Peak1D F1="3.773641" intensity="2.401151e-03" type="0"/>
    <Peak1D F1="3.745244" intensity="2.395520e-03" type="0"/>
    <Peak1D F1="3.692607" intensity="4.910401e-03" type="0"/>
    <Peak1D F1="3.672660" intensity="4.709173e-03" type="0"/>
    <Peak1D F1="3.626127" intensity="4.992185e-03" type="0"/>
    <Peak1D F1="3.597270" intensity="5.461383e-03" type="0"/>
    <Peak1D F1="3.476776" intensity="4.435099e-03" type="0"/>
    <Peak1D F1="3.462096" intensity="4.223613e-03" type="0"/>
    <Peak1D F1="3.423712" intensity="6.789954e-03" type="0"/>
    <Peak1D F1="3.111789" intensity="4.269184e+00" type="0"/>
    <Peak1D F1="2.944221" intensity="1.725363e-01" type="0"/>
    <Peak1D F1="2.939353" intensity="1.723983e-01" type="0"/>
    <Peak1D F1="2.857745" intensity="4.579892e-02" type="0"/>
    <Peak1D F1="2.842703" intensity="4.587006e-02" type="0"/>
    <Peak1D F1="2.837707" intensity="4.596595e-02" type="0"/>
    <Peak1D F1="2.809847" intensity="3.154602e-02" type="0"/>
    <Peak1D F1="2.802521" intensity="2.880291e-02" type="0"/>
    <Peak1D F1="2.781639" intensity="2.337142e-02" type="0"/>
    <Peak1D F1="2.768689" intensity="2.654047e-02" type="0"/>
    <Peak1D F1="2.756189" intensity="2.930864e-02" type="0"/>
    <Peak1D F1="2.743633" intensity="2.208144e-02" type="0"/>
    <Peak1D F1="2.734644" intensity="2.495971e-02" type="0"/>
    <Peak1D F1="2.724586" intensity="2.059528e-02" type="0"/>
    <Peak1D F1="2.696620" intensity="1.920051e-02" type="0"/>
    <Peak1D F1="2.683836" intensity="1.617128e-02" type="0"/>
    <Peak1D F1="2.669487" intensity="1.185424e-02" type="0"/>
    <Peak1D F1="2.650028" intensity="1.338703e-02" type="0"/>
    <Peak1D F1="2.643567" intensity="1.500325e-02" type="0"/>
    <Peak1D F1="2.624745" intensity="6.195099e-03" type="0"/>
    <Peak1D F1="2.612756" intensity="1.487902e-02" type="0"/>
    <Peak1D F1="2.566082" intensity="7.644266e-03" type="0"/>
    <Peak1D F1="2.553114" intensity="5.093160e-03" type="0"/>
    <Peak1D F1="2.535614" intensity="1.028186e-03" type="0"/>
    <Peak1D F1="2.527079" intensity="9.095356e-04" type="0"/>
    <Peak1D F1="2.515136" intensity="1.724470e-03" type="0"/>
    <Peak1D F1="2.498093" intensity="4.330873e-03" type="0"/>
    <Peak1D F1="2.490630" intensity="1.080430e-02" type="0"/>
    <Peak1D F1="2.472640" intensity="1.247576e-02" type="0"/>
    <Peak1D F1="2.416958" intensity="2.675275e-02" type="0"/>
    <Peak1D F1="2.413627" intensity="2.547834e-02" type="0"/>
    <Peak1D F1="2.404346" intensity="6.917466e-03" type="0"/>
    <Peak1D F1="2.386146" intensity="8.096976e-03" type="0"/>
    <Peak1D F1="2.360595" intensity="2.700577e-02" type="0"/>
    <Peak1D F1="2.335757" intensity="6.701513e-03" type="0"/>
    <Peak1D F1="2.329816" intensity="8.391182e-02" type="0"/>
    <Peak1D F1="2.312526" intensity="3.679074e-02" type="0"/>
    <Peak1D F1="2.305701" intensity="1.179188e-02" type="0"/>
    <Peak1D F1="2.290006" intensity="1.620193e-02" type="0"/>
    <Peak1D F1="2.277570" intensity="2.114310e-02" type="0"/>
    <Peak1D F1="2.265517" intensity="1.587427e-01" type="0"/>
    <Peak1D F1="2.246823" intensity="2.657125e-02" type="0"/>
    <Peak1D F1="2.218100" intensity="1.436025e-01" type="0"/>
    <Peak1D F1="2.205434" intensity="2.073569e-01" type="0"/>
    <Peak1D F1="2.187445" intensity="1.065796e+00" type="0"/>
    <Peak1D F1="2.172242" intensity="1.500000e+01" type="0"/>
    <Peak1D F1="2.142024" intensity="7.156514e-01" type="0"/>
    <Peak1D F1="2.115099" intensity="3.651744e-01" type="0"/>
    <Peak1D F1="2.093965" intensity="1.185485e-01" type="0"/>
    <Peak1D F1="2.070050" intensity="3.938027e-02" type="0"/>
    <Peak1D F1="2.043492" intensity="2.069778e-02" type="0"/>
    <Peak1D F1="2.037241" intensity="4.219994e-02" type="0"/>
    <Peak1D F1="2.026145" intensity="4.002762e-02" type="0"/>
    <Peak1D F1="2.011437" intensity="1.155030e-01" type="0"/>
    <Peak1D F1="1.997194" intensity="7.110900e-02" type="0"/>
    <Peak1D F1="1.974362" intensity="4.174078e-02" type="0"/>
    <Peak1D F1="1.955592" intensity="1.259050e-02" type="0"/>
    <Peak1D F1="1.951148" intensity="7.464361e-03" type="0"/>
    <Peak1D F1="1.943747" intensity="2.390796e-03" type="0"/>
    <Peak1D F1="1.935232" intensity="7.811909e-03" type="0"/>
    <Peak1D F1="1.916183" intensity="1.110041e-02" type="0"/>
    <Peak1D F1="1.908559" intensity="2.475170e-02" type="0"/>
    <Peak1D F1="1.895519" intensity="3.292764e-02" type="0"/>
    <Peak1D F1="1.885190" intensity="2.181406e-02" type="0"/>
    <Peak1D F1="1.864963" intensity="1.323411e-02" type="0"/>
    <Peak1D F1="1.851848" intensity="1.238182e-03" type="0"/>
    <Peak1D F1="1.840595" intensity="1.497130e-02" type="0"/>
    <Peak1D F1="1.823887" intensity="1.003110e-02" type="0"/>
    <Peak1D F1="1.813091" intensity="1.848813e-02" type="0"/>
    <Peak1D F1="1.800838" intensity="8.207700e-03" type="0"/>
    <Peak1D F1="1.785997" intensity="3.192231e-03" type="0"/>
    <Peak1D F1="1.778302" intensity="4.851445e-03" type="0"/>
    <Peak1D F1="1.766491" intensity="1.433069e-02" type="0"/>
    <Peak1D F1="1.755896" intensity="1.531350e-02" type="0"/>
    <Peak1D F1="1.739731" intensity="5.859786e-03" type="0"/>
    <Peak1D F1="1.728347" intensity="7.570883e-03" type="0"/>
    <Peak1D F1="1.714260" intensity="5.807904e-03" type="0"/>
    <Peak1D F1="1.682883" intensity="5.081676e-03" type="0"/>
    <Peak1D F1="1.657734" intensity="2.755694e-03" type="0"/>
    <Peak1D F1="1.641639" intensity="2.046949e-03" type="0"/>
    <Peak1D F1="1.630376" intensity="6.735012e-03" type="0"/>
    <Peak1D F1="1.604327" intensity="1.484568e-03" type="0"/>
    <Peak1D F1="1.596839" intensity="9.790767e-04" type="0"/>
    <Peak1D F1="1.568696" intensity="3.302915e-03" type="0"/>
    <Peak1D F1="1.556889" intensity="5.922486e-03" type="0"/>
    <Peak1D F1="1.546723" intensity="3.795919e-03" type="0"/>
    <Peak1D F1="1.540309" intensity="4.610697e-03" type="0"/>
    <Peak1D F1="1.532294" intensity="2.191261e-03" type="0"/>
    <Peak1D F1="1.523499" intensity="4.338177e-03" type="0"/>
    <Peak1D F1="1.482162" intensity="4.130274e-03" type="0"/>
    <Peak1D F1="1.464665" intensity="3.250720e-03" type="0"/>
    <Peak1D F1="1.451755" intensity="4.555091e-04" type="0"/>
    <Peak1D F1="1.440067" intensity="2.640220e-03" type="0"/>
    <Peak1D F1="1.421256" intensity="1.128453e-03" type="0"/>
    <Peak1D F1="1.397496" intensity="3.784337e-03" type="0"/>
    <Peak1D F1="1.376267" intensity="3.870400e-03" type="0"/>
    <Peak1D F1="1.365860" intensity="3.438371e-03" type="0"/>
    <Peak1D F1="1.345060" intensity="2.393508e-03" type="0"/>
    <Peak1D F1="1.319161" intensity="2.498732e-03" type="0"/>
    <Peak1D F1="1.300242" intensity="6.646356e-04" type="0"/>
    <Peak1D F1="1.286411" intensity="3.362737e-03" type="0"/>
    <Peak1D F1="1.275087" intensity="2.284494e-03" type="0"/>
    <Peak1D F1="1.258338" intensity="1.736937e-03" type="0"/>
    <Peak1D F1="1.240014" intensity="2.235941e-03" type="0"/>
    <Peak1D F1="1.228943" intensity="1.913785e-03" type="0"/>
    <Peak1D F1="1.215739" intensity="1.455600e-03" type="0"/>
    <Peak1D F1="1.203853" intensity="1.034905e-03" type="0"/>
    <Peak1D F1="1.189775" intensity="1.597811e-03" type="0"/>
    <Peak1D F1="1.173471" intensity="2.292626e-03" type="0"/>
    <Peak1D F1="1.144453" intensity="1.685650e-03" type="0"/>
    <Peak1D F1="1.132964" intensity="1.396363e-03" type="0"/>
    <Peak1D F1="1.119937" intensity="1.455045e-03" type="0"/>
    <Peak1D F1="1.095804" intensity="1.980937e-03" type="0"/>
    <Peak1D F1="1.063790" intensity="1.786724e-03" type="0"/>
    <Peak1D F1="1.056227" intensity="1.606735e-03" type="0"/>
    <Peak1D F1="1.044368" intensity="9.594556e-04" type="0"/>
    <Peak1D F1="1.027384" intensity="1.050747e-03" type="0"/>
    <Peak1D F1="0.997639" intensity="1.423145e-03" type="0"/>
    <Peak1D F1="0.969603" intensity="1.290656e-03" type="0"/>
    <Peak1D F1="0.925611" intensity="1.136396e-03" type="0"/>
    <Peak1D F1="0.898745" intensity="1.386208e-03" type="0"/>
    <Peak1D F1="0.881846" intensity="1.406917e-03" type="0"/>
    <Peak1D F1="0.863312" intensity="1.127162e-03" type="0"/>
    <Peak1D F1="0.844455" intensity="9.851971e-04" type="0"/>
    <Peak1D F1="0.821085" intensity="9.615943e-04" type="0"/>
    <Peak1D F1="0.808354" intensity="1.133540e-03" type="0"/>
    <Peak1D F1="0.800188" intensity="1.141608e-03" type="0"/>
    <Peak1D F1="0.789346" intensity="1.174509e-03" type="0"/>
    <Peak1D F1="0.761311" intensity="1.038686e-03" type="0"/>
    <Peak1D F1="0.727559" intensity="1.003119e-03" type="0"/>
    <Peak1D F1="0.692993" intensity="7.200918e-04" type="0"/>
    <Peak1D F1="0.679512" intensity="7.474261e-04" type="0"/>
    <Peak1D F1="0.660483" intensity="8.161533e-04" type="0"/>
    <Peak1D F1="0.626448" intensity="8.095380e-04" type="0"/>
    <Peak1D F1="0.607115" intensity="7.193500e-04" type="0"/>
    <Peak1D F1="0.582745" intensity="5.515043e-04" type="0"/>
    <Peak1D F1="0.570186" intensity="7.860105e-04" type="0"/>
    <Peak1D F1="0.546312" intensity="6.652372e-04" type="0"/>
    <Peak1D F1="0.524274" intensity="6.697720e-04" type="0"/>
    <Peak1D F1="0.486548" intensity="7.768268e-04" type="0"/>
    <Peak1D F1="0.457314" intensity="6.849306e-04" type="0"/>
    <Peak1D F1="0.423373" intensity="5.502026e-04" type="0"/>
    <Peak1D F1="0.377045" intensity="7.227105e-04" type="0"/>
    <Peak1D F1="0.352476" intensity="7.528483e-04" type="0"/>
    <Peak1D F1="0.329542" intensity="6.964489e-04" type="0"/>
    <Peak1D F1="0.298237" intensity="6.577476e-04" type="0"/>
    <Peak1D F1="0.275094" intensity="6.281919e-04" type="0"/>
    <Peak1D F1="0.178471" intensity="4.647952e-04" type="0"/>
    <Peak1D F1="0.147974" intensity="4.326598e-04" type="0"/>
    <Peak1D F1="0.093970" intensity="5.045011e-04" type="0"/>
    <Peak1D F1="-0.020831" intensity="3.874483e-04" type="0"/>
    <Peak1D F1="-0.134622" intensity="4.037922e-04" type="0"/>
    <Peak1D F1="-2.809837" intensity="3.980917e-04" type="0"/>
    <Peak1D F1="-3.121147" intensity="4.133213e-04" type="0"/>
    <Peak1D F1="-3.166938" intensity="4.666461e-04" type="0"/>
    <Peak1D F1="-3.281789" intensity="3.918608e-04" type="0"/>
    <Peak1D F1="-3.377444" intensity="4.255952e-04" type="0"/>
    <Peak1D F1="-3.487837" intensity="4.024234e-04" type="0"/>
    <Peak1D F1="-3.507652" intensity="4.570406e-04" type="0"/>
    <Peak1D F1="-3.579840" intensity="4.034105e-04" type="0"/>
    <Peak1D F1="-3.713589" intensity="4.170253e-04" type="0"/>
  </PeakList1D>
</PeakList>
