<?xml version="1.0" encoding="UTF-8"?>
<PeakList>
  <PeakList1D>
    <PeakList1DHeader creator="nmr" date="2022-03-21T12:29:40.183-04:00" expNo="1" name="357dma_333" owner="" procNo="1" source="/opt/topspin3.0/data/UG-labs/nmr">
      <PeakPickDetails>F1=16.186520ppm, F2=-3.836521ppm, MI=0.00cm, MAXI=10000.00cm, PC=1.000
      </PeakPickDetails>
    </PeakList1DHeader>
    <Peak1D F1="9.467716" intensity="2.010682e-03" type="0"/>
    <Peak1D F1="8.436277" intensity="3.658201e-04" type="0"/>
    <Peak1D F1="8.410388" intensity="2.920293e-04" type="0"/>
    <Peak1D F1="8.356544" intensity="4.032152e-04" type="0"/>
    <Peak1D F1="8.313610" intensity="4.819426e-04" type="0"/>
    <Peak1D F1="8.198955" intensity="4.804156e-02" type="0"/>
    <Peak1D F1="6.249228" intensity="3.159255e-04" type="0"/>
    <Peak1D F1="6.231513" intensity="3.083148e-04" type="0"/>
    <Peak1D F1="6.144942" intensity="3.166509e-04" type="0"/>
    <Peak1D F1="6.087607" intensity="3.390783e-04" type="0"/>
    <Peak1D F1="6.069337" intensity="3.698665e-04" type="0"/>
    <Peak1D F1="6.058739" intensity="3.480132e-04" type="0"/>
    <Peak1D F1="6.035157" intensity="3.077257e-04" type="0"/>
    <Peak1D F1="5.995028" intensity="2.670462e-04" type="0"/>
    <Peak1D F1="5.886774" intensity="3.445461e-04" type="0"/>
    <Peak1D F1="5.862094" intensity="3.499845e-04" type="0"/>
    <Peak1D F1="5.832011" intensity="3.049341e-04" type="0"/>
    <Peak1D F1="5.783510" intensity="3.238655e-04" type="0"/>
    <Peak1D F1="5.677101" intensity="3.586514e-04" type="0"/>
    <Peak1D F1="5.663421" intensity="3.355287e-04" type="0"/>
    <Peak1D F1="5.645192" intensity="3.272047e-04" type="0"/>
    <Peak1D F1="5.598488" intensity="4.012416e-04" type="0"/>
    <Peak1D F1="5.557749" intensity="4.228964e-04" type="0"/>
    <Peak1D F1="5.551979" intensity="3.908801e-04" type="0"/>
    <Peak1D F1="5.530598" intensity="3.760275e-04" type="0"/>
    <Peak1D F1="5.523639" intensity="3.643177e-04" type="0"/>
    <Peak1D F1="5.481649" intensity="3.380245e-04" type="0"/>
    <Peak1D F1="5.469515" intensity="4.103667e-04" type="0"/>
    <Peak1D F1="5.425566" intensity="4.505101e-04" type="0"/>
    <Peak1D F1="5.407107" intensity="4.285901e-04" type="0"/>
    <Peak1D F1="5.377482" intensity="4.505386e-04" type="0"/>
    <Peak1D F1="5.360863" intensity="4.645386e-04" type="0"/>
    <Peak1D F1="5.336961" intensity="5.175785e-04" type="0"/>
    <Peak1D F1="5.262627" intensity="4.130669e-04" type="0"/>
    <Peak1D F1="5.248841" intensity="4.592136e-04" type="0"/>
    <Peak1D F1="5.208740" intensity="5.503780e-04" type="0"/>
    <Peak1D F1="5.164339" intensity="5.195391e-04" type="0"/>
    <Peak1D F1="5.127021" intensity="5.659964e-04" type="0"/>
    <Peak1D F1="5.117491" intensity="5.387036e-04" type="0"/>
    <Peak1D F1="5.064676" intensity="5.840357e-04" type="0"/>
    <Peak1D F1="5.012931" intensity="5.567663e-04" type="0"/>
    <Peak1D F1="4.970817" intensity="5.640828e-04" type="0"/>
    <Peak1D F1="4.906927" intensity="6.015325e-04" type="0"/>
    <Peak1D F1="4.878764" intensity="6.755032e-04" type="0"/>
    <Peak1D F1="4.793182" intensity="6.073394e-04" type="0"/>
    <Peak1D F1="4.771276" intensity="6.632172e-04" type="0"/>
    <Peak1D F1="4.730433" intensity="6.839584e-04" type="0"/>
    <Peak1D F1="4.716578" intensity="6.743212e-04" type="0"/>
    <Peak1D F1="4.705299" intensity="7.446738e-04" type="0"/>
    <Peak1D F1="4.647052" intensity="7.205591e-04" type="0"/>
    <Peak1D F1="4.565328" intensity="7.078114e-04" type="0"/>
    <Peak1D F1="4.541132" intensity="7.116483e-04" type="0"/>
    <Peak1D F1="4.513054" intensity="7.225070e-04" type="0"/>
    <Peak1D F1="4.448316" intensity="7.341212e-04" type="0"/>
    <Peak1D F1="4.418646" intensity="7.579152e-04" type="0"/>
    <Peak1D F1="4.401797" intensity="8.221134e-04" type="0"/>
    <Peak1D F1="4.360280" intensity="7.877032e-04" type="0"/>
    <Peak1D F1="4.335623" intensity="7.836611e-04" type="0"/>
    <Peak1D F1="4.301295" intensity="8.648703e-04" type="0"/>
    <Peak1D F1="4.224622" intensity="8.358572e-04" type="0"/>
    <Peak1D F1="4.187973" intensity="8.135122e-04" type="0"/>
    <Peak1D F1="4.146400" intensity="8.238800e-04" type="0"/>
    <Peak1D F1="4.123312" intensity="8.343064e-04" type="0"/>
    <Peak1D F1="4.071093" intensity="8.843185e-04" type="0"/>
    <Peak1D F1="4.022258" intensity="1.132155e-03" type="0"/>
    <Peak1D F1="3.999379" intensity="1.073531e-03" type="0"/>
    <Peak1D F1="3.975885" intensity="1.093406e-03" type="0"/>
    <Peak1D F1="3.943855" intensity="9.707357e-04" type="0"/>
    <Peak1D F1="3.885843" intensity="1.306823e-03" type="0"/>
    <Peak1D F1="3.839667" intensity="1.437331e-03" type="0"/>
    <Peak1D F1="3.765388" intensity="1.203307e-03" type="0"/>
    <Peak1D F1="3.719064" intensity="1.680939e-03" type="0"/>
    <Peak1D F1="3.673432" intensity="1.629370e-03" type="0"/>
    <Peak1D F1="3.651451" intensity="1.759542e-03" type="0"/>
    <Peak1D F1="3.608880" intensity="1.351513e-03" type="0"/>
    <Peak1D F1="3.568958" intensity="2.222104e-03" type="0"/>
    <Peak1D F1="3.552127" intensity="3.140267e-03" type="0"/>
    <Peak1D F1="3.489022" intensity="2.949763e-03" type="0"/>
    <Peak1D F1="3.451051" intensity="4.289925e-03" type="0"/>
    <Peak1D F1="3.440450" intensity="4.752269e-03" type="0"/>
    <Peak1D F1="3.394211" intensity="3.344297e-01" type="0"/>
    <Peak1D F1="3.360451" intensity="3.988621e-02" type="0"/>
    <Peak1D F1="3.290437" intensity="2.544172e-02" type="0"/>
    <Peak1D F1="3.191671" intensity="5.785298e+00" type="0"/>
    <Peak1D F1="3.100845" intensity="2.024100e-01" type="0"/>
    <Peak1D F1="3.096445" intensity="2.153368e-01" type="0"/>
    <Peak1D F1="3.091883" intensity="2.085628e-01" type="0"/>
    <Peak1D F1="3.087034" intensity="2.003427e-01" type="0"/>
    <Peak1D F1="3.026778" intensity="5.662905e+00" type="0"/>
    <Peak1D F1="2.937263" intensity="5.773748e-02" type="0"/>
    <Peak1D F1="2.932653" intensity="6.337043e-02" type="0"/>
    <Peak1D F1="2.928093" intensity="4.838278e-02" type="0"/>
    <Peak1D F1="2.852951" intensity="3.264974e-02" type="0"/>
    <Peak1D F1="2.801216" intensity="2.483899e-03" type="0"/>
    <Peak1D F1="2.747091" intensity="6.931349e-04" type="0"/>
    <Peak1D F1="2.721284" intensity="5.460660e-04" type="0"/>
    <Peak1D F1="2.703106" intensity="1.723572e-03" type="0"/>
    <Peak1D F1="2.638808" intensity="1.224217e-02" type="0"/>
    <Peak1D F1="2.429121" intensity="7.818360e-04" type="0"/>
    <Peak1D F1="2.334726" intensity="8.693316e-02" type="0"/>
    <Peak1D F1="2.317482" intensity="6.147135e-03" type="0"/>
    <Peak1D F1="2.307566" intensity="1.850844e-03" type="0"/>
    <Peak1D F1="2.303565" intensity="2.260702e-03" type="0"/>
    <Peak1D F1="2.287244" intensity="4.281808e-03" type="0"/>
    <Peak1D F1="2.278568" intensity="5.124032e-03" type="0"/>
    <Peak1D F1="2.254239" intensity="5.319842e-03" type="0"/>
    <Peak1D F1="2.246030" intensity="1.625144e-02" type="0"/>
    <Peak1D F1="2.234726" intensity="3.353132e-03" type="0"/>
    <Peak1D F1="2.222453" intensity="3.509620e-02" type="0"/>
    <Peak1D F1="2.217543" intensity="2.663766e-02" type="0"/>
    <Peak1D F1="2.208796" intensity="5.448305e-02" type="0"/>
    <Peak1D F1="2.177342" intensity="1.500000e+01" type="0"/>
    <Peak1D F1="2.125290" intensity="5.463554e-02" type="0"/>
    <Peak1D F1="2.117768" intensity="3.819101e-02" type="0"/>
    <Peak1D F1="2.103441" intensity="1.649197e-02" type="0"/>
    <Peak1D F1="2.089506" intensity="3.413027e-02" type="0"/>
    <Peak1D F1="2.073328" intensity="8.555051e-03" type="0"/>
    <Peak1D F1="2.063346" intensity="8.745180e-03" type="0"/>
    <Peak1D F1="2.059256" intensity="8.593431e-03" type="0"/>
    <Peak1D F1="2.054588" intensity="8.650027e-03" type="0"/>
    <Peak1D F1="2.048942" intensity="7.400749e-03" type="0"/>
    <Peak1D F1="2.045337" intensity="7.091339e-03" type="0"/>
    <Peak1D F1="2.030444" intensity="1.260810e-02" type="0"/>
    <Peak1D F1="2.016121" intensity="9.486691e-02" type="0"/>
    <Peak1D F1="1.996716" intensity="1.110861e-02" type="0"/>
    <Peak1D F1="1.990958" intensity="1.022196e-02" type="0"/>
    <Peak1D F1="1.986392" intensity="1.036084e-02" type="0"/>
    <Peak1D F1="1.981107" intensity="1.050441e-02" type="0"/>
    <Peak1D F1="1.952782" intensity="8.183397e-03" type="0"/>
    <Peak1D F1="1.943019" intensity="7.703409e-03" type="0"/>
    <Peak1D F1="1.935302" intensity="7.315269e-03" type="0"/>
    <Peak1D F1="1.913690" intensity="5.096716e-03" type="0"/>
    <Peak1D F1="1.898510" intensity="5.936094e-03" type="0"/>
    <Peak1D F1="1.891876" intensity="5.469729e-03" type="0"/>
    <Peak1D F1="1.860452" intensity="7.957920e-03" type="0"/>
    <Peak1D F1="1.828171" intensity="3.857281e-03" type="0"/>
    <Peak1D F1="1.806960" intensity="4.526338e-03" type="0"/>
    <Peak1D F1="1.786175" intensity="5.046331e-03" type="0"/>
    <Peak1D F1="1.770483" intensity="5.539087e-03" type="0"/>
    <Peak1D F1="1.759683" intensity="4.778988e-03" type="0"/>
    <Peak1D F1="1.735666" intensity="3.435879e-03" type="0"/>
    <Peak1D F1="1.728667" intensity="3.496876e-03" type="0"/>
    <Peak1D F1="1.707159" intensity="3.814714e-03" type="0"/>
    <Peak1D F1="1.695796" intensity="3.156793e-03" type="0"/>
    <Peak1D F1="1.666776" intensity="3.818245e-03" type="0"/>
    <Peak1D F1="1.644335" intensity="3.275442e-03" type="0"/>
    <Peak1D F1="1.623465" intensity="3.478686e-03" type="0"/>
    <Peak1D F1="1.584732" intensity="3.623536e-03" type="0"/>
    <Peak1D F1="1.561355" intensity="3.293896e-03" type="0"/>
    <Peak1D F1="1.541333" intensity="2.722807e-03" type="0"/>
    <Peak1D F1="1.528600" intensity="2.515373e-03" type="0"/>
    <Peak1D F1="1.506991" intensity="3.030004e-03" type="0"/>
    <Peak1D F1="1.478047" intensity="2.217425e-03" type="0"/>
    <Peak1D F1="1.454351" intensity="2.581576e-03" type="0"/>
    <Peak1D F1="1.443353" intensity="2.817612e-03" type="0"/>
    <Peak1D F1="1.414234" intensity="2.430192e-03" type="0"/>
    <Peak1D F1="1.386939" intensity="2.409224e-03" type="0"/>
    <Peak1D F1="1.337179" intensity="1.976140e-03" type="0"/>
    <Peak1D F1="1.315646" intensity="2.224775e-03" type="0"/>
    <Peak1D F1="1.275050" intensity="2.037493e-03" type="0"/>
    <Peak1D F1="1.254105" intensity="1.987485e-03" type="0"/>
    <Peak1D F1="1.235279" intensity="2.673058e-03" type="0"/>
    <Peak1D F1="1.216873" intensity="3.445566e-03" type="0"/>
    <Peak1D F1="1.198393" intensity="2.609075e-03" type="0"/>
    <Peak1D F1="1.153150" intensity="1.795988e-03" type="0"/>
    <Peak1D F1="1.115369" intensity="1.868088e-03" type="0"/>
    <Peak1D F1="1.045293" intensity="1.640070e-03" type="0"/>
    <Peak1D F1="1.030318" intensity="1.672178e-03" type="0"/>
    <Peak1D F1="0.988474" intensity="1.689269e-03" type="0"/>
    <Peak1D F1="0.954471" intensity="1.487067e-03" type="0"/>
    <Peak1D F1="0.929300" intensity="1.579883e-03" type="0"/>
    <Peak1D F1="0.916781" intensity="1.399187e-03" type="0"/>
    <Peak1D F1="0.908989" intensity="1.417583e-03" type="0"/>
    <Peak1D F1="0.862278" intensity="1.377457e-03" type="0"/>
    <Peak1D F1="0.837570" intensity="1.366159e-03" type="0"/>
    <Peak1D F1="0.766226" intensity="1.230200e-03" type="0"/>
    <Peak1D F1="0.735977" intensity="1.252116e-03" type="0"/>
    <Peak1D F1="0.711104" intensity="1.254303e-03" type="0"/>
    <Peak1D F1="0.704722" intensity="1.238643e-03" type="0"/>
    <Peak1D F1="0.697289" intensity="1.252975e-03" type="0"/>
    <Peak1D F1="0.684390" intensity="1.196841e-03" type="0"/>
    <Peak1D F1="0.650647" intensity="1.190456e-03" type="0"/>
    <Peak1D F1="0.627664" intensity="1.071152e-03" type="0"/>
    <Peak1D F1="0.609570" intensity="1.206571e-03" type="0"/>
    <Peak1D F1="0.583068" intensity="1.164244e-03" type="0"/>
    <Peak1D F1="0.567220" intensity="1.108400e-03" type="0"/>
    <Peak1D F1="0.543382" intensity="1.206418e-03" type="0"/>
    <Peak1D F1="0.531737" intensity="1.126733e-03" type="0"/>
    <Peak1D F1="0.481690" intensity="1.020071e-03" type="0"/>
    <Peak1D F1="0.398594" intensity="9.739960e-04" type="0"/>
    <Peak1D F1="0.361230" intensity="9.514145e-04" type="0"/>
    <Peak1D F1="0.342389" intensity="9.383569e-04" type="0"/>
    <Peak1D F1="0.316808" intensity="9.055469e-04" type="0"/>
    <Peak1D F1="0.272059" intensity="9.100184e-04" type="0"/>
    <Peak1D F1="0.206202" intensity="8.697891e-04" type="0"/>
    <Peak1D F1="0.182927" intensity="7.843003e-04" type="0"/>
    <Peak1D F1="0.142779" intensity="7.436966e-04" type="0"/>
    <Peak1D F1="0.112946" intensity="7.890148e-04" type="0"/>
    <Peak1D F1="0.074561" intensity="7.106450e-04" type="0"/>
    <Peak1D F1="0.024983" intensity="6.980948e-04" type="0"/>
    <Peak1D F1="-0.037141" intensity="7.279220e-04" type="0"/>
    <Peak1D F1="-0.044292" intensity="7.088003e-04" type="0"/>
    <Peak1D F1="-0.073533" intensity="7.128377e-04" type="0"/>
    <Peak1D F1="-0.092053" intensity="6.773297e-04" type="0"/>
    <Peak1D F1="-0.160441" intensity="6.111058e-04" type="0"/>
    <Peak1D F1="-0.214048" intensity="5.959102e-04" type="0"/>
    <Peak1D F1="-0.230817" intensity="5.584616e-04" type="0"/>
    <Peak1D F1="-0.255549" intensity="5.416336e-04" type="0"/>
    <Peak1D F1="-0.298943" intensity="5.514643e-04" type="0"/>
    <Peak1D F1="-0.389304" intensity="4.951104e-04" type="0"/>
    <Peak1D F1="-0.476913" intensity="4.643085e-04" type="0"/>
    <Peak1D F1="-0.516402" intensity="4.261686e-04" type="0"/>
    <Peak1D F1="-0.534241" intensity="3.677451e-04" type="0"/>
    <Peak1D F1="-0.587171" intensity="4.228015e-04" type="0"/>
    <Peak1D F1="-0.592119" intensity="4.382910e-04" type="0"/>
    <Peak1D F1="-0.613128" intensity="4.360813e-04" type="0"/>
    <Peak1D F1="-0.643312" intensity="4.205083e-04" type="0"/>
    <Peak1D F1="-0.725201" intensity="3.386407e-04" type="0"/>
    <Peak1D F1="-0.749287" intensity="3.921623e-04" type="0"/>
    <Peak1D F1="-0.792329" intensity="3.990367e-04" type="0"/>
    <Peak1D F1="-0.822536" intensity="3.327694e-04" type="0"/>
    <Peak1D F1="-0.836676" intensity="3.140884e-04" type="0"/>
    <Peak1D F1="-0.847773" intensity="3.136004e-04" type="0"/>
    <Peak1D F1="-0.875737" intensity="2.907546e-04" type="0"/>
    <Peak1D F1="-0.915447" intensity="2.937463e-04" type="0"/>
    <Peak1D F1="-0.944799" intensity="3.118366e-04" type="0"/>
    <Peak1D F1="-0.991260" intensity="2.721857e-04" type="0"/>
    <Peak1D F1="-1.010843" intensity="2.584085e-04" type="0"/>
    <Peak1D F1="-1.042608" intensity="2.737170e-04" type="0"/>
    <Peak1D F1="-1.090873" intensity="2.468369e-04" type="0"/>
    <Peak1D F1="-3.459510" intensity="2.831284e-04" type="0"/>
  </PeakList1D>
</PeakList>
