<?xml version="1.0" encoding="UTF-8"?>
<PeakList>
  <PeakList1D>
    <PeakList1DHeader creator="nmr" date="2022-03-21T12:51:06.597-04:00" expNo="1" name="357dma_353" owner="" procNo="1" source="/opt/topspin3.0/data/UG-labs/nmr">
      <PeakPickDetails>F1=16.186520ppm, F2=-3.836521ppm, MI=0.00cm, MAXI=10000.00cm, PC=1.000
      </PeakPickDetails>
    </PeakList1DHeader>
    <Peak1D F1="16.027912" intensity="3.232491e-04" type="0"/>
    <Peak1D F1="15.884425" intensity="3.143806e-04" type="0"/>
    <Peak1D F1="10.327709" intensity="3.164912e-04" type="0"/>
    <Peak1D F1="9.457243" intensity="1.975303e-03" type="0"/>
    <Peak1D F1="8.430513" intensity="3.770965e-04" type="0"/>
    <Peak1D F1="8.361382" intensity="3.335298e-04" type="0"/>
    <Peak1D F1="8.338615" intensity="3.435066e-04" type="0"/>
    <Peak1D F1="8.193674" intensity="4.384976e-02" type="0"/>
    <Peak1D F1="5.013435" intensity="3.271357e-04" type="0"/>
    <Peak1D F1="4.636904" intensity="3.029018e-04" type="0"/>
    <Peak1D F1="4.601661" intensity="3.505151e-04" type="0"/>
    <Peak1D F1="4.547800" intensity="3.386027e-04" type="0"/>
    <Peak1D F1="4.391148" intensity="3.406314e-04" type="0"/>
    <Peak1D F1="3.907534" intensity="3.492239e-04" type="0"/>
    <Peak1D F1="3.838790" intensity="3.752430e-04" type="0"/>
    <Peak1D F1="3.772574" intensity="4.799136e-04" type="0"/>
    <Peak1D F1="3.747830" intensity="6.261951e-04" type="0"/>
    <Peak1D F1="3.651866" intensity="6.470943e-04" type="0"/>
    <Peak1D F1="3.587902" intensity="1.026437e-03" type="0"/>
    <Peak1D F1="3.550424" intensity="1.554550e-03" type="0"/>
    <Peak1D F1="3.531820" intensity="1.459822e-03" type="0"/>
    <Peak1D F1="3.491472" intensity="1.722230e-03" type="0"/>
    <Peak1D F1="3.234243" intensity="6.496773e-01" type="0"/>
    <Peak1D F1="3.177487" intensity="1.787568e+00" type="0"/>
    <Peak1D F1="3.038906" intensity="1.770294e+00" type="0"/>
    <Peak1D F1="2.944193" intensity="1.036121e-01" type="0"/>
    <Peak1D F1="2.938843" intensity="1.072824e-01" type="0"/>
    <Peak1D F1="2.934397" intensity="1.102368e-01" type="0"/>
    <Peak1D F1="2.803909" intensity="9.123393e-03" type="0"/>
    <Peak1D F1="2.779008" intensity="7.320747e-03" type="0"/>
    <Peak1D F1="2.754252" intensity="6.647699e-03" type="0"/>
    <Peak1D F1="2.731978" intensity="5.924342e-03" type="0"/>
    <Peak1D F1="2.705230" intensity="2.423784e-03" type="0"/>
    <Peak1D F1="2.688982" intensity="4.393464e-03" type="0"/>
    <Peak1D F1="2.664385" intensity="2.602456e-03" type="0"/>
    <Peak1D F1="2.624141" intensity="1.193353e-02" type="0"/>
    <Peak1D F1="2.601564" intensity="2.583030e-03" type="0"/>
    <Peak1D F1="2.591298" intensity="2.874466e-03" type="0"/>
    <Peak1D F1="2.574914" intensity="1.626394e-03" type="0"/>
    <Peak1D F1="2.561926" intensity="1.846424e-03" type="0"/>
    <Peak1D F1="2.544668" intensity="5.166426e-03" type="0"/>
    <Peak1D F1="2.523337" intensity="2.163361e-03" type="0"/>
    <Peak1D F1="2.496056" intensity="2.823084e-03" type="0"/>
    <Peak1D F1="2.478765" intensity="5.909324e-04" type="0"/>
    <Peak1D F1="2.473264" intensity="1.739082e-03" type="0"/>
    <Peak1D F1="2.397634" intensity="6.563191e-03" type="0"/>
    <Peak1D F1="2.382180" intensity="2.617758e-03" type="0"/>
    <Peak1D F1="2.367548" intensity="8.885369e-04" type="0"/>
    <Peak1D F1="2.354815" intensity="9.349759e-03" type="0"/>
    <Peak1D F1="2.346491" intensity="5.703499e-03" type="0"/>
    <Peak1D F1="2.339376" intensity="1.355393e-02" type="0"/>
    <Peak1D F1="2.330449" intensity="8.217494e-02" type="0"/>
    <Peak1D F1="2.318771" intensity="2.574151e-02" type="0"/>
    <Peak1D F1="2.273442" intensity="3.537158e-02" type="0"/>
    <Peak1D F1="2.257326" intensity="2.205985e-02" type="0"/>
    <Peak1D F1="2.248284" intensity="4.532879e-02" type="0"/>
    <Peak1D F1="2.219472" intensity="2.291842e-02" type="0"/>
    <Peak1D F1="2.204222" intensity="9.844315e-02" type="0"/>
    <Peak1D F1="2.173111" intensity="1.500000e+01" type="0"/>
    <Peak1D F1="2.132505" intensity="1.335125e-01" type="0"/>
    <Peak1D F1="2.123634" intensity="7.364409e-02" type="0"/>
    <Peak1D F1="2.119540" intensity="6.997644e-02" type="0"/>
    <Peak1D F1="2.092716" intensity="3.402676e-03" type="0"/>
    <Peak1D F1="2.084250" intensity="2.972023e-03" type="0"/>
    <Peak1D F1="2.059628" intensity="1.039047e-02" type="0"/>
    <Peak1D F1="2.049012" intensity="2.727549e-02" type="0"/>
    <Peak1D F1="2.037482" intensity="1.888889e-02" type="0"/>
    <Peak1D F1="2.011966" intensity="9.977914e-02" type="0"/>
    <Peak1D F1="1.996852" intensity="1.304386e-02" type="0"/>
    <Peak1D F1="1.984773" intensity="1.692168e-02" type="0"/>
    <Peak1D F1="1.970882" intensity="9.451909e-03" type="0"/>
    <Peak1D F1="1.959033" intensity="8.109810e-03" type="0"/>
    <Peak1D F1="1.925679" intensity="1.306545e-02" type="0"/>
    <Peak1D F1="1.907293" intensity="7.462946e-03" type="0"/>
    <Peak1D F1="1.896041" intensity="7.624382e-03" type="0"/>
    <Peak1D F1="1.884480" intensity="7.966809e-03" type="0"/>
    <Peak1D F1="1.865321" intensity="5.503997e-03" type="0"/>
    <Peak1D F1="1.837203" intensity="7.205867e-03" type="0"/>
    <Peak1D F1="1.828970" intensity="7.734774e-03" type="0"/>
    <Peak1D F1="1.816338" intensity="3.772313e-03" type="0"/>
    <Peak1D F1="1.810346" intensity="3.533549e-03" type="0"/>
    <Peak1D F1="1.791756" intensity="6.953262e-03" type="0"/>
    <Peak1D F1="1.779428" intensity="3.795347e-03" type="0"/>
    <Peak1D F1="1.761066" intensity="3.780341e-03" type="0"/>
    <Peak1D F1="1.750515" intensity="2.663916e-03" type="0"/>
    <Peak1D F1="1.721858" intensity="4.853934e-03" type="0"/>
    <Peak1D F1="1.692523" intensity="5.331355e-03" type="0"/>
    <Peak1D F1="1.666053" intensity="2.943550e-03" type="0"/>
    <Peak1D F1="1.645681" intensity="4.698100e-03" type="0"/>
    <Peak1D F1="1.634212" intensity="4.298392e-03" type="0"/>
    <Peak1D F1="1.624383" intensity="3.885679e-03" type="0"/>
    <Peak1D F1="1.606149" intensity="2.871484e-03" type="0"/>
    <Peak1D F1="1.585473" intensity="2.092549e-03" type="0"/>
    <Peak1D F1="1.570881" intensity="2.510134e-03" type="0"/>
    <Peak1D F1="1.558365" intensity="3.228851e-03" type="0"/>
    <Peak1D F1="1.534197" intensity="3.495619e-03" type="0"/>
    <Peak1D F1="1.504227" intensity="3.073237e-03" type="0"/>
    <Peak1D F1="1.490155" intensity="3.084614e-03" type="0"/>
    <Peak1D F1="1.459947" intensity="2.680712e-03" type="0"/>
    <Peak1D F1="1.432502" intensity="2.214434e-03" type="0"/>
    <Peak1D F1="1.398525" intensity="2.355463e-03" type="0"/>
    <Peak1D F1="1.391003" intensity="2.338334e-03" type="0"/>
    <Peak1D F1="1.376938" intensity="1.793249e-03" type="0"/>
    <Peak1D F1="1.364045" intensity="1.556123e-03" type="0"/>
    <Peak1D F1="1.337953" intensity="2.139573e-03" type="0"/>
    <Peak1D F1="1.321907" intensity="1.941848e-03" type="0"/>
    <Peak1D F1="1.309322" intensity="1.780983e-03" type="0"/>
    <Peak1D F1="1.290760" intensity="2.047990e-03" type="0"/>
    <Peak1D F1="1.273308" intensity="2.167066e-03" type="0"/>
    <Peak1D F1="1.262370" intensity="2.179326e-03" type="0"/>
    <Peak1D F1="1.247167" intensity="2.763737e-03" type="0"/>
    <Peak1D F1="1.228138" intensity="3.269176e-03" type="0"/>
    <Peak1D F1="1.208879" intensity="2.565700e-03" type="0"/>
    <Peak1D F1="1.194009" intensity="2.008939e-03" type="0"/>
    <Peak1D F1="1.154026" intensity="1.831872e-03" type="0"/>
    <Peak1D F1="1.130939" intensity="1.768552e-03" type="0"/>
    <Peak1D F1="1.089995" intensity="1.788239e-03" type="0"/>
    <Peak1D F1="1.071927" intensity="1.652666e-03" type="0"/>
    <Peak1D F1="1.023931" intensity="1.586904e-03" type="0"/>
    <Peak1D F1="0.947180" intensity="1.498916e-03" type="0"/>
    <Peak1D F1="0.879450" intensity="1.348301e-03" type="0"/>
    <Peak1D F1="0.808914" intensity="1.226103e-03" type="0"/>
    <Peak1D F1="0.767708" intensity="1.173393e-03" type="0"/>
    <Peak1D F1="0.722348" intensity="1.167712e-03" type="0"/>
    <Peak1D F1="0.713972" intensity="1.185885e-03" type="0"/>
    <Peak1D F1="0.636566" intensity="1.054946e-03" type="0"/>
    <Peak1D F1="0.542142" intensity="1.125086e-03" type="0"/>
    <Peak1D F1="0.520400" intensity="9.169476e-04" type="0"/>
    <Peak1D F1="0.489827" intensity="8.680434e-04" type="0"/>
    <Peak1D F1="0.460363" intensity="8.544739e-04" type="0"/>
    <Peak1D F1="0.412439" intensity="8.407917e-04" type="0"/>
    <Peak1D F1="0.375611" intensity="7.957252e-04" type="0"/>
    <Peak1D F1="0.312407" intensity="8.435718e-04" type="0"/>
    <Peak1D F1="0.270817" intensity="7.702221e-04" type="0"/>
    <Peak1D F1="0.206923" intensity="6.782623e-04" type="0"/>
    <Peak1D F1="0.159608" intensity="6.629498e-04" type="0"/>
    <Peak1D F1="0.084959" intensity="6.823695e-04" type="0"/>
    <Peak1D F1="-0.005044" intensity="5.740815e-04" type="0"/>
    <Peak1D F1="-0.039807" intensity="5.397850e-04" type="0"/>
    <Peak1D F1="-0.075574" intensity="4.889656e-04" type="0"/>
    <Peak1D F1="-0.116049" intensity="5.135730e-04" type="0"/>
    <Peak1D F1="-0.162715" intensity="4.826019e-04" type="0"/>
    <Peak1D F1="-0.176825" intensity="4.472944e-04" type="0"/>
    <Peak1D F1="-0.286840" intensity="4.516688e-04" type="0"/>
    <Peak1D F1="-0.406264" intensity="3.214954e-04" type="0"/>
    <Peak1D F1="-0.470999" intensity="4.257125e-04" type="0"/>
    <Peak1D F1="-0.491728" intensity="3.389619e-04" type="0"/>
    <Peak1D F1="-0.509827" intensity="3.319081e-04" type="0"/>
    <Peak1D F1="-0.592866" intensity="3.220505e-04" type="0"/>
    <Peak1D F1="-3.239601" intensity="3.702088e-04" type="0"/>
    <Peak1D F1="-3.368038" intensity="3.380869e-04" type="0"/>
    <Peak1D F1="-3.451810" intensity="3.666559e-04" type="0"/>
    <Peak1D F1="-3.464338" intensity="3.688234e-04" type="0"/>
    <Peak1D F1="-3.514992" intensity="3.796886e-04" type="0"/>
    <Peak1D F1="-3.585076" intensity="5.385421e-04" type="0"/>
  </PeakList1D>
</PeakList>
