<?xml version="1.0" encoding="UTF-8"?>
<PeakList>
  <PeakList1D>
    <PeakList1DHeader creator="nmr" date="2023-03-20T10:29:58.328-04:00" expNo="16" name="357_Pyridine_293" owner="" procNo="1" source="/opt/topspin3.0/data/UG_labs/nmr">
      <PeakPickDetails>F1=16.188850ppm, F2=-3.838861ppm, MI=0.10cm, MAXI=10000.00cm, PC=1.000
      </PeakPickDetails>
    </PeakList1DHeader>
    <Peak1D F1="8.705470" intensity="2.049177e-01" type="0"/>
    <Peak1D F1="8.103096" intensity="1.077600e-01" type="0"/>
    <Peak1D F1="8.070131" intensity="3.225462e+00" type="0"/>
    <Peak1D F1="8.036496" intensity="1.280493e-01" type="0"/>
    <Peak1D F1="7.598586" intensity="1.053616e-01" type="0"/>
    <Peak1D F1="7.226645" intensity="2.481259e-01" type="0"/>
    <Peak1D F1="4.778145" intensity="5.492278e-01" type="0"/>
    <Peak1D F1="2.821054" intensity="1.584724e-01" type="0"/>
    <Peak1D F1="2.775118" intensity="1.099574e-01" type="0"/>
    <Peak1D F1="2.753395" intensity="2.233137e-01" type="0"/>
    <Peak1D F1="2.750084" intensity="1.134549e-01" type="0"/>
    <Peak1D F1="2.741908" intensity="8.025465e-01" type="0"/>
    <Peak1D F1="2.731856" intensity="2.612094e-01" type="0"/>
    <Peak1D F1="2.710523" intensity="1.500000e+01" type="0"/>
    <Peak1D F1="2.682453" intensity="1.025585e-01" type="0"/>
    <Peak1D F1="2.674904" intensity="1.319888e+00" type="0"/>
    <Peak1D F1="2.665248" intensity="1.713155e-01" type="0"/>
    <Peak1D F1="2.661646" intensity="1.405214e-01" type="0"/>
    <Peak1D F1="2.657832" intensity="1.954922e-01" type="0"/>
    <Peak1D F1="2.655892" intensity="2.023797e-01" type="0"/>
    <Peak1D F1="2.643174" intensity="1.432823e+01" type="0"/>
    <Peak1D F1="2.615102" intensity="1.333002e-01" type="0"/>
    <Peak1D F1="2.607922" intensity="7.532679e-01" type="0"/>
    <Peak1D F1="2.591384" intensity="1.652212e-01" type="0"/>
    <Peak1D F1="2.524513" intensity="1.641921e-01" type="0"/>
  </PeakList1D>
</PeakList>
