Wavelength (nm),ureaNoCyt,ureaM0,ureaM1,ureaM2,ureaM3,ureaM4,ureaM5,ureaM6,ureaM7,ureaM8,ureaM9,ureaM10,NATA1,kpi-water2
550,-0.074015,0.038644,0.053956,0.368988,0.473969,0.2531,0.403653,0.178318,0.169564,0.193685,0.235864,0.319591,0.200874,-0.015325
549,-0.075183,0.038248,0.054246,0.367843,0.473129,0.253214,0.404829,0.178668,0.170122,0.193228,0.235937,0.319915,0.199945,-0.015427
548,-0.075576,0.037605,0.053172,0.365282,0.47319,0.250552,0.403135,0.175158,0.16843,0.193759,0.236381,0.323015,0.199619,-0.016016
547,-0.074827,0.038271,0.050625,0.361824,0.471665,0.246527,0.400469,0.17338,0.167097,0.193501,0.236677,0.323855,0.198803,-0.016122
546,-0.074636,0.036392,0.048907,0.355824,0.47059,0.241886,0.398284,0.169742,0.164236,0.194583,0.237913,0.325875,0.199905,-0.015884
545,-0.075195,0.034914,0.045429,0.350533,0.467426,0.235676,0.396884,0.165652,0.161612,0.193368,0.238785,0.327343,0.199506,-0.015351
544,-0.075013,0.033631,0.043604,0.346095,0.465518,0.231356,0.394191,0.162069,0.15973,0.192717,0.239115,0.330607,0.198404,-0.01602
543,-0.075618,0.033603,0.042291,0.343598,0.46531,0.228689,0.392673,0.160579,0.158717,0.194003,0.240693,0.331719,0.198935,-0.016482
542,-0.07542,0.034098,0.042067,0.341786,0.466736,0.227027,0.392739,0.159546,0.158234,0.194536,0.240888,0.333593,0.198376,-0.016698
541,-0.074988,0.035843,0.042122,0.343615,0.465141,0.227353,0.39165,0.160892,0.158906,0.196784,0.241913,0.333218,0.199526,-0.016913
540,-0.074937,0.037003,0.042569,0.343231,0.46475,0.227836,0.393341,0.160823,0.159252,0.196743,0.242883,0.335102,0.199311,-0.016596
539,-0.074858,0.03851,0.042324,0.342888,0.464787,0.228121,0.394083,0.160856,0.158917,0.197459,0.243307,0.335362,0.199325,-0.01712
538,-0.075079,0.039165,0.04264,0.341776,0.465671,0.227414,0.394855,0.160653,0.159714,0.197701,0.244386,0.337643,0.198726,-0.016405
537,-0.075242,0.040687,0.043091,0.342072,0.46599,0.227369,0.393628,0.161343,0.160123,0.198624,0.245014,0.338866,0.19933,-0.016977
536,-0.075252,0.041426,0.042954,0.342266,0.466195,0.227964,0.395148,0.162052,0.15994,0.19801,0.245256,0.339341,0.199889,-0.017252
535,-0.075267,0.042645,0.042916,0.341589,0.467105,0.227795,0.395132,0.161157,0.159959,0.198446,0.245335,0.340033,0.198877,-0.016959
534,-0.07545,0.043551,0.043414,0.342284,0.469057,0.22774,0.39441,0.161064,0.160191,0.198553,0.245645,0.341321,0.198639,-0.017284
533,-0.074884,0.044838,0.043626,0.344215,0.468101,0.228887,0.393712,0.162854,0.161065,0.200583,0.246151,0.340199,0.200154,-0.01798
532,-0.074932,0.046255,0.044325,0.344508,0.46757,0.230228,0.396399,0.163643,0.161144,0.198969,0.245954,0.340632,0.198817,-0.017067
531,-0.075288,0.047293,0.045686,0.345426,0.469309,0.23117,0.398031,0.164388,0.162324,0.199915,0.246397,0.341636,0.198771,-0.017495
530,-0.075627,0.047504,0.045849,0.34531,0.470664,0.231547,0.39819,0.163754,0.161989,0.198113,0.245952,0.342182,0.197632,-0.017128
529,-0.074705,0.0487,0.046713,0.348666,0.473497,0.232887,0.396884,0.166376,0.164032,0.200787,0.24717,0.340886,0.198837,-0.018254
528,-0.075057,0.048661,0.046971,0.349895,0.470504,0.234068,0.397416,0.167439,0.164451,0.201479,0.246387,0.340867,0.199499,-0.017733
527,-0.075416,0.048485,0.046893,0.349133,0.46849,0.23466,0.398603,0.16721,0.163725,0.199074,0.245707,0.341084,0.197834,-0.017422
526,-0.075231,0.048628,0.047189,0.350038,0.468984,0.235389,0.398594,0.167661,0.163772,0.199118,0.24586,0.34072,0.198217,-0.017502
525,-0.075263,0.048978,0.047862,0.351097,0.469357,0.236623,0.400154,0.16826,0.164216,0.198999,0.24488,0.340007,0.198618,-0.017281
524,-0.074954,0.049184,0.047852,0.351661,0.468127,0.238822,0.401277,0.169869,0.165166,0.200047,0.244808,0.338536,0.199184,-0.017541
523,-0.075259,0.048987,0.048856,0.352927,0.469587,0.239958,0.401743,0.171304,0.165928,0.199319,0.243428,0.337227,0.198879,-0.017351
522,-0.075243,0.049562,0.049964,0.355685,0.471689,0.24288,0.40375,0.172588,0.166599,0.200486,0.24415,0.337292,0.198924,-0.017433
521,-0.074781,0.048468,0.050861,0.357034,0.470947,0.244312,0.404105,0.173725,0.167197,0.199948,0.24398,0.337016,0.199317,-0.017863
520,-0.075287,0.04653,0.05012,0.354777,0.47149,0.24349,0.403828,0.17329,0.166696,0.198352,0.242915,0.336226,0.19838,-0.017765
519,-0.075002,0.044701,0.048605,0.352934,0.471227,0.241414,0.401551,0.171303,0.164438,0.197351,0.241667,0.335558,0.198004,-0.018245
518,-0.075085,0.042468,0.047261,0.352109,0.468295,0.239378,0.40108,0.169999,0.163575,0.197305,0.240299,0.33386,0.198493,-0.018087
517,-0.075146,0.039985,0.045587,0.349529,0.465814,0.237483,0.399068,0.16886,0.161898,0.196468,0.239102,0.331782,0.198916,-0.018486
516,-0.075541,0.03742,0.044107,0.348179,0.465108,0.23601,0.397313,0.166261,0.160189,0.194913,0.2374,0.331238,0.198708,-0.01837
515,-0.075572,0.034878,0.042298,0.345694,0.464771,0.233689,0.396257,0.164563,0.157975,0.192827,0.236543,0.329804,0.198612,-0.017878
514,-0.075102,0.033149,0.04102,0.343997,0.46231,0.231258,0.394881,0.162292,0.156061,0.192103,0.235167,0.327685,0.197901,-0.018456
513,-0.074548,0.031031,0.039055,0.341823,0.459745,0.228888,0.392546,0.159734,0.15402,0.189233,0.233201,0.326083,0.197101,-0.018213
512,-0.074601,0.028138,0.036919,0.34062,0.458269,0.226653,0.390856,0.158265,0.151551,0.187979,0.230978,0.323791,0.196691,-0.018368
511,-0.07517,0.026322,0.035835,0.33821,0.455921,0.224675,0.389536,0.155744,0.149328,0.187106,0.22978,0.321979,0.19651,-0.018424
510,-0.074462,0.025001,0.034217,0.336553,0.454979,0.223117,0.387774,0.154251,0.148473,0.185483,0.228615,0.32097,0.197497,-0.018916
509,-0.074299,0.023254,0.032656,0.33519,0.452429,0.220968,0.385656,0.152086,0.146148,0.184289,0.226329,0.318299,0.197159,-0.019119
508,-0.074601,0.020817,0.030288,0.333338,0.450766,0.218214,0.383632,0.149497,0.143651,0.182444,0.224349,0.315048,0.196675,-0.018545
507,-0.074713,0.019257,0.028429,0.330714,0.449232,0.215851,0.382574,0.147057,0.140678,0.180834,0.22287,0.31355,0.196504,-0.018976
506,-0.074643,0.01732,0.026991,0.328563,0.445799,0.213019,0.380719,0.145604,0.138149,0.178901,0.221424,0.312461,0.196706,-0.019231
505,-0.07484,0.016536,0.025908,0.325688,0.445982,0.211139,0.378699,0.143059,0.136981,0.177355,0.220251,0.311455,0.196459,-0.019066
504,-0.074927,0.014805,0.024443,0.325117,0.4438,0.209337,0.376809,0.1414,0.13518,0.17491,0.218374,0.309638,0.196186,-0.01916
503,-0.074828,0.014535,0.022633,0.323962,0.442323,0.206658,0.376179,0.139582,0.133138,0.175015,0.216847,0.308185,0.196077,-0.019251
502,-0.075108,0.013049,0.022491,0.322361,0.4417,0.206272,0.3752,0.138922,0.132165,0.173334,0.217198,0.307882,0.196156,-0.01912
501,-0.074685,0.012056,0.020855,0.320128,0.439754,0.203267,0.372939,0.13639,0.130342,0.173068,0.21562,0.307026,0.195776,-0.019331
500,-0.074886,0.011927,0.020386,0.319428,0.438465,0.202312,0.373575,0.135358,0.129653,0.171539,0.215404,0.306371,0.196155,-0.019513
499,-0.075426,0.011021,0.019658,0.318583,0.438749,0.201653,0.371598,0.134354,0.12892,0.170904,0.214342,0.306556,0.194918,-0.020092
498,-0.074807,0.011035,0.019101,0.317562,0.4384,0.200156,0.371713,0.133904,0.127857,0.169857,0.213298,0.306741,0.194468,-0.019147
497,-0.075394,0.010537,0.018473,0.317656,0.436891,0.199636,0.370674,0.133161,0.127356,0.169026,0.213504,0.306021,0.19426,-0.020238
496,-0.075018,0.010964,0.018223,0.317423,0.436143,0.199733,0.37139,0.132448,0.126992,0.168754,0.213637,0.305558,0.194643,-0.020187
495,-0.075176,0.01107,0.018074,0.316874,0.436145,0.198908,0.372093,0.132751,0.126686,0.168654,0.213536,0.305228,0.194286,-0.020534
494,-0.075642,0.010475,0.01792,0.315434,0.436271,0.198949,0.372677,0.132214,0.126505,0.16825,0.21311,0.306346,0.194266,-0.019612
493,-0.075714,0.010477,0.018108,0.314947,0.437854,0.198498,0.372517,0.131433,0.126227,0.167425,0.212709,0.30747,0.193396,-0.020368
492,-0.075422,0.011027,0.017994,0.314824,0.438272,0.197335,0.370172,0.131468,0.126705,0.167544,0.213938,0.307067,0.193646,-0.020886
491,-0.0754,0.011507,0.018022,0.316743,0.437483,0.198364,0.371134,0.132267,0.127646,0.167991,0.213395,0.306613,0.194106,-0.021541
490,-0.075826,0.011501,0.018227,0.315481,0.43589,0.198269,0.371848,0.131803,0.127308,0.167631,0.213082,0.307789,0.192502,-0.020541
489,-0.075986,0.011497,0.018508,0.315237,0.438919,0.198858,0.372966,0.132051,0.127192,0.167196,0.213897,0.309156,0.192292,-0.020792
488,-0.075667,0.012034,0.018954,0.316603,0.4391,0.198748,0.372656,0.132741,0.128445,0.16865,0.214426,0.309604,0.192548,-0.021167
487,-0.075832,0.01233,0.019213,0.317007,0.436698,0.199611,0.371219,0.133833,0.128981,0.169563,0.21556,0.309329,0.192813,-0.021436
486,-0.076035,0.012896,0.019729,0.317413,0.4382,0.200125,0.374171,0.134649,0.129584,0.169989,0.215952,0.310744,0.192259,-0.021293
485,-0.075917,0.012956,0.020432,0.317928,0.44323,0.200993,0.374903,0.134351,0.130473,0.170637,0.216903,0.31334,0.192166,-0.021516
484,-0.074852,0.014229,0.020607,0.321328,0.445025,0.201591,0.373333,0.136152,0.131767,0.174023,0.218316,0.311198,0.193908,-0.023234
483,-0.075045,0.014936,0.021262,0.321059,0.440995,0.202967,0.375006,0.137452,0.132743,0.173925,0.218645,0.311974,0.194784,-0.022677
482,-0.075295,0.015279,0.021734,0.321598,0.439474,0.204193,0.377674,0.138496,0.132798,0.172932,0.218851,0.313243,0.19345,-0.02199
481,-0.075258,0.016224,0.021766,0.322473,0.438887,0.205777,0.378069,0.139171,0.133912,0.17494,0.218994,0.313441,0.193797,-0.022047
480,-0.075416,0.016278,0.022627,0.322946,0.441744,0.206638,0.379451,0.140172,0.134644,0.175429,0.219924,0.3143,0.194406,-0.021432
479,-0.075786,0.01673,0.023135,0.322277,0.441358,0.207352,0.380596,0.140418,0.135461,0.17548,0.220348,0.315726,0.193351,-0.022753
478,-0.075734,0.01786,0.024001,0.323952,0.445113,0.207974,0.381396,0.141863,0.136073,0.177347,0.221373,0.316467,0.194193,-0.022213
477,-0.075454,0.019092,0.024451,0.325238,0.44449,0.208761,0.381484,0.142318,0.13678,0.177519,0.222269,0.317187,0.193618,-0.022058
476,-0.075627,0.019622,0.024866,0.325516,0.444457,0.209863,0.382438,0.143722,0.138539,0.17836,0.223158,0.317835,0.194528,-0.023318
475,-0.075512,0.020873,0.025665,0.327087,0.443833,0.211295,0.384491,0.145149,0.139764,0.1799,0.224379,0.319062,0.194575,-0.022012
474,-0.07538,0.021526,0.025765,0.327026,0.446761,0.211992,0.383609,0.145653,0.139886,0.179518,0.224705,0.31921,0.193502,-0.023066
473,-0.075137,0.023253,0.026384,0.329034,0.447852,0.212663,0.384207,0.146954,0.140868,0.181911,0.22594,0.319418,0.194926,-0.023339
472,-0.075613,0.02438,0.027117,0.328875,0.448688,0.214307,0.386087,0.147833,0.14185,0.181918,0.226204,0.321918,0.194294,-0.023092
471,-0.07581,0.025424,0.027576,0.329145,0.448303,0.213939,0.385793,0.148408,0.142708,0.182422,0.226736,0.322131,0.194082,-0.023229
470,-0.076235,0.026373,0.02852,0.33061,0.450377,0.215755,0.387061,0.149141,0.143661,0.183645,0.228013,0.323559,0.19454,-0.023487
469,-0.075208,0.02856,0.029149,0.330613,0.449417,0.216794,0.388257,0.15081,0.144859,0.184061,0.228488,0.324517,0.194338,-0.022933
468,-0.07559,0.029454,0.029872,0.331575,0.451048,0.217659,0.38833,0.151355,0.145902,0.184879,0.229203,0.325312,0.194126,-0.024057
467,-0.075446,0.031901,0.031024,0.332548,0.449547,0.21928,0.390195,0.153054,0.147092,0.186943,0.230745,0.326429,0.194612,-0.023502
466,-0.075746,0.033439,0.03203,0.333317,0.451971,0.220481,0.391438,0.154197,0.147867,0.186408,0.232049,0.328857,0.193868,-0.023364
465,-0.076111,0.035166,0.032726,0.33406,0.455193,0.220835,0.39149,0.154356,0.149208,0.187688,0.233061,0.330918,0.19355,-0.024132
464,-0.075977,0.03736,0.033533,0.334824,0.454396,0.221477,0.393246,0.15578,0.150523,0.188289,0.234793,0.332302,0.192528,-0.0239
463,-0.07619,0.039711,0.034941,0.336268,0.458052,0.223715,0.396695,0.157577,0.152724,0.190188,0.236114,0.334329,0.193243,-0.023872
462,-0.076544,0.041987,0.036105,0.337333,0.460389,0.225387,0.397968,0.159559,0.153818,0.192598,0.237271,0.336071,0.193231,-0.024096
461,-0.076023,0.044875,0.038016,0.338947,0.462537,0.226846,0.399221,0.161334,0.157101,0.192995,0.240652,0.340191,0.192725,-0.025684
460,-0.07567,0.047571,0.039588,0.341715,0.464863,0.22849,0.398724,0.163449,0.158829,0.196945,0.241922,0.341549,0.193337,-0.024893
459,-0.075889,0.050517,0.041477,0.343428,0.464553,0.231134,0.400417,0.166062,0.161268,0.199506,0.244213,0.3443,0.194125,-0.025156
458,-0.075851,0.053682,0.043342,0.345143,0.467896,0.234001,0.405199,0.16918,0.164182,0.201482,0.246795,0.346777,0.193533,-0.025904
457,-0.076491,0.055878,0.045297,0.348001,0.469493,0.236557,0.407378,0.171734,0.166504,0.203398,0.249738,0.350138,0.193565,-0.025271
456,-0.075751,0.059093,0.047038,0.350089,0.474427,0.239239,0.409244,0.1738,0.170014,0.206376,0.251925,0.353364,0.193575,-0.025596
455,-0.076513,0.061618,0.049487,0.352693,0.475793,0.242422,0.413065,0.177368,0.17321,0.209491,0.255368,0.357978,0.193914,-0.025747
454,-0.076491,0.064855,0.051773,0.355859,0.478182,0.245606,0.415055,0.180758,0.176426,0.2125,0.258603,0.362063,0.193255,-0.024796
453,-0.075954,0.068128,0.054913,0.356217,0.483268,0.248818,0.418998,0.184425,0.180485,0.216526,0.263338,0.367552,0.192909,-0.025511
452,-0.07588,0.071285,0.057392,0.361475,0.486461,0.253309,0.422179,0.188489,0.185342,0.22058,0.266688,0.370669,0.192602,-0.025976
451,-0.076455,0.073998,0.060355,0.362756,0.486969,0.256649,0.425791,0.191588,0.188169,0.223857,0.270145,0.376538,0.193478,-0.025795
450,-0.076695,0.077108,0.063314,0.366651,0.491353,0.260839,0.430685,0.196087,0.193473,0.228563,0.274461,0.382038,0.194089,-0.026325
449,-0.076439,0.080541,0.066604,0.369131,0.495969,0.264634,0.434613,0.200352,0.198416,0.232785,0.279315,0.387489,0.193208,-0.027128
448,-0.077034,0.083383,0.069736,0.372688,0.499752,0.268354,0.438098,0.20433,0.202154,0.237169,0.283406,0.393087,0.193606,-0.02661
447,-0.076466,0.087207,0.073059,0.37691,0.50585,0.273614,0.440821,0.208844,0.207746,0.241991,0.288807,0.398096,0.193376,-0.026362
446,-0.076401,0.091083,0.076621,0.380839,0.511476,0.278277,0.446835,0.214355,0.212502,0.245491,0.293122,0.403716,0.194234,-0.02712
445,-0.076147,0.094908,0.079388,0.383797,0.510176,0.282723,0.450483,0.218074,0.216074,0.249224,0.296448,0.408223,0.194655,-0.026606
444,-0.077062,0.098771,0.083246,0.388882,0.514796,0.287853,0.454644,0.22312,0.221542,0.252991,0.300885,0.414223,0.194282,-0.026925
443,-0.076279,0.104266,0.086505,0.393158,0.519867,0.292744,0.460371,0.227533,0.225848,0.25582,0.305057,0.419568,0.194028,-0.02598
442,-0.077109,0.108357,0.090492,0.397063,0.523139,0.297604,0.463252,0.232323,0.231532,0.26034,0.309964,0.424635,0.19465,-0.027902
441,-0.076609,0.114715,0.094289,0.4021,0.530144,0.303394,0.466347,0.237969,0.236037,0.265424,0.313435,0.429483,0.194721,-0.028619
440,-0.076672,0.120358,0.098157,0.407474,0.534745,0.307879,0.471824,0.243161,0.240943,0.268163,0.31731,0.433846,0.195338,-0.028077
439,-0.076366,0.127427,0.102386,0.413269,0.536613,0.314177,0.475098,0.249192,0.246643,0.27296,0.321699,0.43877,0.195838,-0.028115
438,-0.076581,0.134522,0.106676,0.419194,0.543089,0.321419,0.479867,0.255396,0.251952,0.276403,0.325477,0.443058,0.196384,-0.027347
437,-0.076591,0.142054,0.111271,0.424143,0.547109,0.327616,0.485596,0.260967,0.257094,0.27953,0.32908,0.448209,0.197013,-0.028497
436,-0.076941,0.150833,0.11681,0.43334,0.552837,0.335476,0.491172,0.268419,0.263943,0.285567,0.334336,0.453518,0.197528,-0.028358
435,-0.076767,0.160419,0.122499,0.440684,0.559554,0.343027,0.49769,0.275661,0.27043,0.290569,0.338322,0.460059,0.198994,-0.030307
434,-0.076118,0.170587,0.127884,0.448552,0.566988,0.350643,0.503205,0.283198,0.277909,0.294512,0.343327,0.465142,0.19863,-0.029561
433,-0.076167,0.183217,0.134588,0.457747,0.57402,0.361015,0.509397,0.292066,0.285765,0.300866,0.350185,0.47266,0.199645,-0.029376
432,-0.076115,0.196639,0.142738,0.467052,0.583214,0.37194,0.518106,0.302771,0.2953,0.307671,0.357249,0.48039,0.200038,-0.029231
431,-0.076852,0.210444,0.151676,0.480134,0.589191,0.384611,0.527357,0.314038,0.306046,0.315151,0.363613,0.490264,0.201025,-0.029519
430,-0.076462,0.228587,0.162013,0.493114,0.602157,0.400481,0.538837,0.328526,0.318423,0.325409,0.373935,0.501515,0.201367,-0.029564
429,-0.078128,0.246567,0.174381,0.510469,0.613103,0.416478,0.554331,0.344866,0.333451,0.336186,0.384758,0.514549,0.204241,-0.028081
428,-0.077449,0.267183,0.187046,0.526915,0.625214,0.435571,0.565888,0.360601,0.34828,0.346714,0.395377,0.52786,0.204544,-0.029385
427,-0.077442,0.294032,0.204206,0.550595,0.645144,0.459922,0.584175,0.384348,0.369366,0.361826,0.410921,0.545695,0.205506,-0.02956
426,-0.078039,0.322379,0.222991,0.575017,0.666783,0.486123,0.601365,0.408338,0.39191,0.379854,0.427569,0.566344,0.206995,-0.030697
425,-0.076834,0.353123,0.242665,0.604405,0.692775,0.514045,0.623251,0.434674,0.416478,0.397052,0.44624,0.586899,0.208897,-0.030398
424,-0.077273,0.389673,0.266967,0.6355,0.716065,0.549431,0.647951,0.467125,0.44654,0.420474,0.467687,0.613053,0.211915,-0.032596
423,-0.07814,0.42792,0.292833,0.669917,0.742533,0.586274,0.677104,0.500579,0.478847,0.444696,0.491822,0.643627,0.214605,-0.031411
422,-0.077378,0.470729,0.320105,0.706717,0.778069,0.625609,0.704005,0.538385,0.512646,0.472138,0.519958,0.677991,0.216659,-0.032529
421,-0.077504,0.520445,0.352755,0.750345,0.810782,0.670997,0.739509,0.582325,0.554786,0.505042,0.552492,0.717764,0.220291,-0.033258
420,-0.077642,0.573358,0.388432,0.793205,0.852704,0.720791,0.780557,0.630022,0.600132,0.543158,0.591377,0.767162,0.223334,-0.032206
419,-0.076598,0.63038,0.426874,0.842164,0.895639,0.773462,0.821418,0.680157,0.651491,0.585766,0.636187,0.82149,0.227333,-0.032668
418,-0.077837,0.692037,0.469333,0.892367,0.945145,0.829266,0.869436,0.735093,0.706638,0.636946,0.689331,0.888609,0.232165,-0.032482
417,-0.077191,0.746651,0.508192,0.934028,0.991259,0.882471,0.919997,0.788968,0.763191,0.685576,0.741524,0.957062,0.236092,-0.033098
416,-0.076434,0.807098,0.556075,0.989819,1.049027,0.941461,0.971791,0.849643,0.827005,0.752326,0.811685,1.041836,0.241303,-0.032264
415,-0.078341,0.866526,0.603046,1.03727,1.103776,1.00657,1.035551,0.917668,0.89587,0.822564,0.883836,1.14161,0.246076,-0.033408
414,-0.076818,0.917423,0.647899,1.079134,1.168049,1.064057,1.085976,0.973683,0.961653,0.890797,0.960774,1.223088,0.24957,-0.034609
413,-0.077526,0.958969,0.696093,1.125713,1.226416,1.122078,1.142147,1.041529,1.035366,0.964605,1.03702,1.331128,0.253387,-0.03363
412,-0.078759,0.998426,0.741158,1.169339,1.290256,1.176608,1.204938,1.104764,1.105788,1.044324,1.119472,1.426756,0.257252,-0.034313
411,-0.078084,1.024389,0.779371,1.197872,1.339763,1.223916,1.254791,1.153765,1.161383,1.099484,1.178829,1.502778,0.258517,-0.034892
410,-0.077536,1.04097,0.814884,1.228601,1.397582,1.270828,1.297364,1.196693,1.219189,1.162041,1.244888,1.572667,0.263162,-0.03396
409,-0.077591,1.053173,0.841277,1.24595,1.420997,1.30309,1.338365,1.232899,1.268701,1.215241,1.283889,1.616556,0.264606,-0.034544
408,-0.077161,1.054167,0.857812,1.261018,1.44732,1.320309,1.368504,1.265394,1.301021,1.241817,1.33272,1.654994,0.264626,-0.034703
407,-0.07855,1.054817,0.867441,1.266837,1.473747,1.32659,1.370181,1.272366,1.314823,1.266766,1.351686,1.67612,0.266538,-0.036269
406,-0.077811,1.041188,0.868664,1.252666,1.46387,1.331569,1.377115,1.280659,1.316307,1.274933,1.346564,1.679788,0.265267,-0.035398
405,-0.078118,1.032545,0.859499,1.246408,1.458256,1.318836,1.370627,1.266653,1.314341,1.266969,1.3492,1.659717,0.265117,-0.034724
404,-0.077996,1.011731,0.84263,1.225111,1.444611,1.287626,1.356651,1.242741,1.289475,1.250103,1.320365,1.632615,0.264341,-0.036757
403,-0.077375,0.994513,0.820151,1.204582,1.42408,1.262417,1.337955,1.217587,1.265486,1.218392,1.296183,1.596021,0.266362,-0.036515
402,-0.077654,0.97029,0.795182,1.178823,1.389972,1.233922,1.29933,1.186268,1.222309,1.185972,1.268629,1.550571,0.265382,-0.035832
401,-0.075792,0.955174,0.763878,1.139125,1.354897,1.191572,1.253849,1.14181,1.183058,1.144799,1.210912,1.499864,0.264675,-0.0364
400,-0.076943,0.93472,0.738405,1.106284,1.324867,1.146129,1.228197,1.100588,1.139637,1.100848,1.169198,1.439729,0.263882,-0.036428
399,-0.076166,0.915026,0.705604,1.077507,1.279969,1.107686,1.185736,1.056294,1.092708,1.058394,1.135704,1.389746,0.262724,-0.035937
398,-0.076931,0.886559,0.671705,1.039326,1.233609,1.060321,1.152083,1.015408,1.04556,1.011671,1.08237,1.326663,0.261562,-0.036401
397,-0.0772,0.863728,0.64139,1.008606,1.190306,1.023546,1.111158,0.974659,0.998828,0.967587,1.037402,1.282143,0.259522,-0.037446
396,-0.07761,0.835512,0.607964,0.975497,1.157291,0.981097,1.075167,0.92696,0.954559,0.925965,0.992831,1.221086,0.257351,-0.035854
395,-0.077855,0.800289,0.577382,0.937389,1.11245,0.938595,1.032495,0.884593,0.9115,0.880283,0.945995,1.173426,0.254921,-0.037657
394,-0.077335,0.77476,0.551355,0.911744,1.079082,0.903405,0.99938,0.850083,0.86889,0.844323,0.912603,1.121318,0.253206,-0.036947
393,-0.078127,0.741293,0.521869,0.875279,1.044584,0.866968,0.967268,0.811243,0.831123,0.807705,0.868688,1.08548,0.250948,-0.036327
392,-0.078066,0.708205,0.496209,0.849585,1.006378,0.835086,0.935518,0.775985,0.792822,0.770783,0.835266,1.03909,0.247832,-0.036391
391,-0.077387,0.677271,0.47382,0.827595,0.986749,0.805984,0.913718,0.748802,0.763798,0.744698,0.807645,1.003435,0.247772,-0.038376
390,-0.076324,0.647138,0.451996,0.80568,0.961282,0.773068,0.886282,0.719167,0.730951,0.715521,0.777978,0.9685,0.245788,-0.037622
389,-0.077364,0.616671,0.429779,0.779348,0.93076,0.743528,0.859762,0.691255,0.703183,0.689836,0.746724,0.938881,0.242909,-0.038077
388,-0.077728,0.586797,0.412535,0.759016,0.908451,0.724595,0.841065,0.667308,0.680238,0.664918,0.727183,0.909396,0.241655,-0.036848
387,-0.07701,0.56387,0.393949,0.737741,0.890645,0.698651,0.819917,0.642245,0.652785,0.643945,0.702133,0.883466,0.240332,-0.037798
386,-0.075453,0.538328,0.37505,0.720881,0.869222,0.677201,0.798694,0.618586,0.62781,0.617178,0.676292,0.853154,0.23969,-0.038756
385,-0.076087,0.516365,0.359048,0.705137,0.852062,0.656596,0.782101,0.596908,0.606449,0.599054,0.657902,0.827599,0.236925,-0.039902
384,-0.075562,0.496817,0.343994,0.684794,0.830162,0.634415,0.759805,0.575539,0.583579,0.576508,0.63649,0.802554,0.235624,-0.039076
383,-0.075485,0.475622,0.327572,0.670075,0.809707,0.61388,0.744539,0.556527,0.563502,0.559592,0.618726,0.778608,0.235731,-0.040194
382,-0.075753,0.45805,0.315684,0.655007,0.797166,0.596661,0.728149,0.540001,0.543797,0.541269,0.599401,0.760009,0.234795,-0.039534
381,-0.074452,0.440945,0.301347,0.641235,0.779595,0.580745,0.712927,0.521651,0.52639,0.523128,0.582493,0.73752,0.233515,-0.03967
380,-0.075545,0.424071,0.287829,0.626686,0.764173,0.562165,0.697133,0.505401,0.50802,0.506435,0.564102,0.716543,0.231668,-0.039584
379,-0.07637,0.411272,0.278604,0.613683,0.743683,0.551467,0.689498,0.49094,0.492671,0.491797,0.548966,0.700399,0.230721,-0.039931
378,-0.078455,0.396745,0.267877,0.599071,0.726758,0.537031,0.677112,0.475153,0.478269,0.474721,0.534919,0.68389,0.22983,-0.04012
377,-0.077254,0.385727,0.258432,0.593532,0.719894,0.524481,0.665078,0.465311,0.465935,0.464039,0.522797,0.668955,0.229942,-0.042037
376,-0.075929,0.377208,0.250449,0.585229,0.715214,0.51518,0.652837,0.454035,0.454094,0.454535,0.51396,0.655495,0.230813,-0.040784
375,-0.076091,0.367509,0.242239,0.576866,0.704153,0.50298,0.644697,0.441816,0.444178,0.445431,0.501718,0.641358,0.230005,-0.041791
374,-0.074883,0.358472,0.233812,0.569757,0.696571,0.494013,0.634904,0.433118,0.431822,0.436331,0.489708,0.631137,0.22962,-0.041527
373,-0.07587,0.349419,0.228025,0.564532,0.689923,0.484476,0.628479,0.424623,0.424039,0.426901,0.483921,0.620109,0.23022,-0.042642
372,-0.074227,0.344634,0.221163,0.559302,0.681785,0.477097,0.622769,0.417403,0.414951,0.419414,0.476064,0.610497,0.229629,-0.04359
371,-0.075537,0.336036,0.217046,0.552618,0.679859,0.472071,0.617206,0.411589,0.409724,0.412486,0.469068,0.603758,0.227853,-0.04218
370,-0.075854,0.333553,0.214272,0.549564,0.672114,0.466698,0.611632,0.406198,0.403542,0.408365,0.463898,0.596997,0.229917,-0.043803
369,-0.075451,0.329699,0.210514,0.546765,0.670927,0.462019,0.610419,0.40249,0.398229,0.402089,0.457716,0.591405,0.229144,-0.042409
368,-0.075275,0.327067,0.207984,0.541327,0.662446,0.458479,0.603397,0.396254,0.394716,0.399659,0.453952,0.587787,0.22843,-0.042725
367,-0.075905,0.322464,0.203684,0.538315,0.660296,0.455176,0.600732,0.394528,0.391074,0.393721,0.451605,0.582241,0.228064,-0.044732
366,-0.075721,0.32165,0.203359,0.537864,0.660111,0.454202,0.602678,0.394257,0.388893,0.391311,0.449636,0.581292,0.228653,-0.043194
365,-0.076323,0.320509,0.20322,0.537539,0.655705,0.452955,0.602853,0.391775,0.388004,0.390436,0.446703,0.580917,0.227855,-0.044827
364,-0.076474,0.318588,0.201977,0.534348,0.646786,0.453467,0.600299,0.391301,0.38645,0.387986,0.445539,0.577737,0.226607,-0.04158
363,-0.07969,0.315505,0.201056,0.527737,0.641112,0.452862,0.603258,0.388966,0.386152,0.382512,0.442504,0.580309,0.224286,-0.041647
362,-0.079524,0.314963,0.201658,0.529016,0.640489,0.452852,0.60238,0.388761,0.385597,0.380474,0.442565,0.579846,0.223411,-0.042052
361,-0.07849,0.315663,0.202209,0.532621,0.640391,0.452524,0.603851,0.390887,0.386598,0.383214,0.443368,0.580563,0.2249,-0.042139
360,-0.077874,0.31563,0.202215,0.533318,0.645679,0.454059,0.602984,0.391179,0.38776,0.38592,0.444831,0.580357,0.225385,-0.04289
359,-0.078769,0.312851,0.20273,0.53369,0.646789,0.454592,0.603454,0.392079,0.388436,0.386158,0.445441,0.580297,0.224281,-0.042916
358,-0.079131,0.312403,0.203553,0.532527,0.640282,0.455701,0.606018,0.394207,0.389272,0.384931,0.447693,0.582899,0.224405,-0.041706
357,-0.076627,0.311762,0.204744,0.538242,0.649825,0.457987,0.605813,0.394848,0.391763,0.390161,0.448805,0.584592,0.225767,-0.043921
356,-0.077603,0.308645,0.20403,0.536726,0.652461,0.459472,0.604592,0.396523,0.392348,0.390636,0.450423,0.585949,0.225229,-0.043996
355,-0.077395,0.30545,0.204035,0.53809,0.651524,0.459552,0.607589,0.397462,0.392691,0.392386,0.450699,0.587357,0.225018,-0.045195
354,-0.075535,0.302405,0.205024,0.538452,0.654926,0.461234,0.60921,0.397582,0.392921,0.39175,0.451954,0.587487,0.22598,-0.046499
353,-0.075644,0.298145,0.203536,0.538451,0.654182,0.459361,0.606243,0.397656,0.391795,0.393722,0.452497,0.588474,0.225951,-0.045903
352,-0.075494,0.292309,0.202652,0.540253,0.658789,0.458051,0.605681,0.396137,0.390978,0.391412,0.452245,0.585783,0.224563,-0.046369
351,-0.074857,0.289462,0.200763,0.538953,0.656641,0.457815,0.607229,0.394734,0.389861,0.392011,0.451068,0.586718,0.224583,-0.046845
350,-0.074359,0.284152,0.199666,0.5395,0.659054,0.455564,0.601599,0.39323,0.388762,0.392038,0.448206,0.583117,0.225146,-0.047503
349,-0.075023,0.279478,0.197032,0.539068,0.655265,0.452887,0.601821,0.391453,0.3869,0.38835,0.446689,0.582188,0.223258,-0.048471
348,-0.073621,0.27624,0.19382,0.534824,0.653326,0.449859,0.596296,0.389058,0.38297,0.383658,0.443075,0.581136,0.221552,-0.048261
347,-0.074605,0.269771,0.193328,0.53163,0.644128,0.450034,0.597264,0.385017,0.380027,0.380045,0.44105,0.577356,0.221967,-0.047993
346,-0.076339,0.262661,0.190821,0.528465,0.637637,0.445725,0.593845,0.38108,0.376836,0.374161,0.437087,0.574037,0.220535,-0.049312
345,-0.075905,0.257616,0.187931,0.523707,0.634449,0.44324,0.590804,0.377468,0.372533,0.371275,0.43241,0.569371,0.218895,-0.047581
344,-0.075622,0.253244,0.184789,0.521717,0.632477,0.439346,0.589126,0.374926,0.368849,0.368424,0.429278,0.564968,0.21975,-0.048298
343,-0.075009,0.250939,0.181503,0.522632,0.63571,0.434373,0.585989,0.371893,0.363397,0.36421,0.424667,0.559725,0.218927,-0.049209
342,-0.074918,0.244557,0.178518,0.52153,0.633025,0.432168,0.581343,0.369255,0.360879,0.363009,0.422654,0.554928,0.218153,-0.049777
341,-0.074383,0.24251,0.175943,0.519611,0.630511,0.428778,0.580384,0.366219,0.357164,0.359622,0.419516,0.550086,0.218685,-0.050468
340,-0.07443,0.237358,0.173561,0.515963,0.624141,0.426523,0.576518,0.362919,0.354784,0.356424,0.415842,0.548191,0.21704,-0.050976
339,-0.074825,0.232662,0.172209,0.513059,0.620698,0.425459,0.573394,0.36042,0.351228,0.351032,0.412162,0.543659,0.21517,-0.04897
338,-0.074785,0.229334,0.169701,0.512798,0.620901,0.42189,0.574897,0.357506,0.348942,0.348677,0.411078,0.539728,0.216236,-0.051507
337,-0.074726,0.225154,0.168497,0.509483,0.614792,0.420533,0.568995,0.356046,0.346089,0.345431,0.406632,0.536742,0.214561,-0.050352
336,-0.07394,0.222365,0.164805,0.507428,0.613084,0.418144,0.571369,0.353252,0.343775,0.343011,0.403377,0.533521,0.214079,-0.050869
335,-0.074732,0.218162,0.163732,0.506477,0.612171,0.417567,0.567732,0.350812,0.341925,0.337954,0.40018,0.530696,0.2131,-0.049697
334,-0.075781,0.214734,0.161519,0.502708,0.604431,0.414503,0.566277,0.348457,0.337957,0.333932,0.394733,0.52617,0.210928,-0.050414
333,-0.07506,0.211942,0.159788,0.501827,0.601438,0.413321,0.565967,0.347171,0.336045,0.331442,0.393729,0.52335,0.210673,-0.050774
332,-0.074251,0.208846,0.158253,0.501319,0.603317,0.412023,0.562096,0.346544,0.336887,0.333171,0.394419,0.52079,0.21134,-0.051887
331,-0.074072,0.204594,0.156309,0.500508,0.602807,0.410036,0.560196,0.343853,0.334246,0.328593,0.39022,0.516927,0.210448,-0.052041
330,-0.075007,0.202336,0.154645,0.499189,0.599427,0.409005,0.560894,0.340976,0.329927,0.325628,0.387285,0.514038,0.209228,-0.0525
329,-0.075621,0.197265,0.153383,0.495212,0.593488,0.406351,0.559794,0.337687,0.327758,0.320028,0.382817,0.511246,0.207578,-0.051388
328,-0.074961,0.194662,0.1513,0.493402,0.592288,0.405016,0.557567,0.33534,0.324998,0.315009,0.378688,0.507638,0.206633,-0.051185
327,-0.075776,0.191609,0.149393,0.490396,0.58725,0.403451,0.55859,0.333386,0.322998,0.311223,0.375374,0.503853,0.205406,-0.052535
326,-0.076295,0.187799,0.148019,0.490118,0.58675,0.402187,0.555662,0.331176,0.319926,0.307627,0.372416,0.500053,0.204824,-0.052744
325,-0.076958,0.184357,0.145396,0.486581,0.580322,0.4004,0.555075,0.328301,0.31665,0.30231,0.367224,0.494879,0.203127,-0.052001
324,-0.077091,0.181735,0.144208,0.485012,0.57049,0.398857,0.551164,0.326445,0.315473,0.298872,0.36482,0.491085,0.202991,-0.052101
323,-0.075946,0.180162,0.142294,0.488044,0.577265,0.39671,0.548807,0.324927,0.312902,0.298772,0.36247,0.485989,0.203855,-0.052358
322,-0.074004,0.179144,0.140149,0.488136,0.576268,0.395335,0.545074,0.323041,0.311168,0.295892,0.360076,0.482153,0.204389,-0.05413
321,-0.074627,0.17634,0.138138,0.485865,0.573085,0.392772,0.54405,0.321435,0.308307,0.2924,0.355379,0.478344,0.204062,-0.053627
320,-0.074943,0.173723,0.136941,0.483361,0.568753,0.391429,0.544213,0.319199,0.305899,0.287986,0.352839,0.474229,0.203784,-0.054167
319,-0.074324,0.171724,0.135087,0.4827,0.565354,0.39122,0.542627,0.31679,0.303505,0.285014,0.349656,0.470223,0.203612,-0.053083
318,-0.074063,0.169285,0.132849,0.483118,0.567112,0.388575,0.540129,0.315695,0.300792,0.281949,0.34671,0.466842,0.204735,-0.055835
317,-0.07411,0.16689,0.130666,0.480608,0.563402,0.386197,0.536683,0.311661,0.297876,0.278503,0.344081,0.462396,0.204466,-0.054417
316,-0.074237,0.16437,0.128928,0.47796,0.560382,0.384947,0.539292,0.309239,0.295244,0.27414,0.339062,0.458537,0.206177,-0.052286
315,-0.076851,0.159955,0.126427,0.471522,0.545383,0.382329,0.534311,0.305008,0.291319,0.267004,0.336104,0.454139,0.205873,-0.051274
314,-0.074416,0.158118,0.123331,0.473933,0.551304,0.378187,0.533603,0.302502,0.288484,0.267288,0.332969,0.450269,0.21036,-0.056685
313,-0.072404,0.157178,0.120789,0.471297,0.551008,0.374699,0.529418,0.298774,0.28519,0.265019,0.330881,0.44727,0.214464,-0.057482
312,-0.073498,0.152795,0.118357,0.469494,0.552138,0.371216,0.524798,0.295645,0.282117,0.263144,0.328489,0.444599,0.220113,-0.05588
311,-0.073179,0.149178,0.114777,0.465156,0.548487,0.366993,0.523347,0.291473,0.277232,0.25846,0.324759,0.440237,0.226963,-0.056931
310,-0.074402,0.145337,0.112113,0.46019,0.540325,0.362512,0.522504,0.287657,0.274189,0.255223,0.320933,0.436449,0.235964,-0.055965
309,-0.073746,0.143816,0.109007,0.455291,0.530888,0.360442,0.519174,0.283748,0.270417,0.249575,0.31777,0.433508,0.247983,-0.058081
308,-0.0732,0.140577,0.105567,0.452943,0.528466,0.355675,0.515956,0.280339,0.266178,0.24826,0.315277,0.429742,0.266263,-0.057058
307,-0.073144,0.138019,0.102966,0.449442,0.528516,0.35255,0.515854,0.276725,0.263204,0.246503,0.313474,0.427694,0.286369,-0.056476
306,-0.072483,0.136084,0.100998,0.447736,0.527072,0.349044,0.512005,0.274254,0.260589,0.243761,0.313152,0.425931,0.311494,-0.0575
305,-0.072589,0.133051,0.098383,0.446267,0.527788,0.345408,0.510234,0.270445,0.257811,0.24259,0.310654,0.424983,0.347736,-0.056476
304,-0.072395,0.131867,0.096145,0.442564,0.520117,0.342908,0.508577,0.268178,0.25512,0.242521,0.310081,0.422669,0.386107,-0.058334
303,-0.073591,0.130063,0.094645,0.437141,0.514585,0.342022,0.509511,0.266137,0.253465,0.236918,0.307353,0.422796,0.436149,-0.055967
302,-0.073833,0.127516,0.092396,0.43434,0.510219,0.33924,0.506234,0.263644,0.251617,0.236991,0.307359,0.421687,0.497461,-0.057629
301,-0.073302,0.12757,0.091195,0.432807,0.511691,0.336578,0.507035,0.262043,0.250358,0.236744,0.306002,0.421468,0.566017,-0.056601
300,-0.072493,0.12841,0.091279,0.432204,0.513872,0.338457,0.506679,0.262256,0.250743,0.237271,0.30776,0.422665,0.653542,-0.056546