<?xml version="1.0" encoding="UTF-8"?>
<PeakList>
  <PeakList1D>
    <PeakList1DHeader creator="nmr" date="2022-03-21T12:19:01.451-04:00" expNo="1" name="357dma_323" owner="" procNo="1" source="/opt/topspin3.0/data/UG-labs/nmr">
      <PeakPickDetails>F1=16.186520ppm, F2=-3.836521ppm, MI=0.00cm, MAXI=10000.00cm, PC=1.000
      </PeakPickDetails>
    </PeakList1DHeader>
    <Peak1D F1="16.135899" intensity="2.890464e-04" type="0"/>
    <Peak1D F1="15.994403" intensity="3.019125e-04" type="0"/>
    <Peak1D F1="15.949224" intensity="2.724976e-04" type="0"/>
    <Peak1D F1="15.933890" intensity="2.828354e-04" type="0"/>
    <Peak1D F1="15.909410" intensity="3.080241e-04" type="0"/>
    <Peak1D F1="15.852665" intensity="3.106206e-04" type="0"/>
    <Peak1D F1="15.805185" intensity="2.939098e-04" type="0"/>
    <Peak1D F1="15.767763" intensity="2.842087e-04" type="0"/>
    <Peak1D F1="15.729652" intensity="2.853129e-04" type="0"/>
    <Peak1D F1="15.679240" intensity="3.392330e-04" type="0"/>
    <Peak1D F1="15.639156" intensity="3.695224e-04" type="0"/>
    <Peak1D F1="15.602693" intensity="3.625031e-04" type="0"/>
    <Peak1D F1="15.586865" intensity="3.275475e-04" type="0"/>
    <Peak1D F1="15.541890" intensity="2.533409e-04" type="0"/>
    <Peak1D F1="15.522689" intensity="2.588378e-04" type="0"/>
    <Peak1D F1="15.488776" intensity="2.666747e-04" type="0"/>
    <Peak1D F1="15.436968" intensity="3.222026e-04" type="0"/>
    <Peak1D F1="15.426730" intensity="2.578972e-04" type="0"/>
    <Peak1D F1="15.410312" intensity="2.933839e-04" type="0"/>
    <Peak1D F1="15.403284" intensity="2.370746e-04" type="0"/>
    <Peak1D F1="15.391819" intensity="2.354262e-04" type="0"/>
    <Peak1D F1="15.318812" intensity="2.675802e-04" type="0"/>
    <Peak1D F1="15.260294" intensity="2.306267e-04" type="0"/>
    <Peak1D F1="15.223345" intensity="2.272027e-04" type="0"/>
    <Peak1D F1="12.137355" intensity="2.336346e-04" type="0"/>
    <Peak1D F1="11.843316" intensity="2.289836e-04" type="0"/>
    <Peak1D F1="11.726680" intensity="2.304104e-04" type="0"/>
    <Peak1D F1="11.391364" intensity="2.406196e-04" type="0"/>
    <Peak1D F1="11.360734" intensity="2.361159e-04" type="0"/>
    <Peak1D F1="11.326909" intensity="2.292214e-04" type="0"/>
    <Peak1D F1="11.174180" intensity="2.268693e-04" type="0"/>
    <Peak1D F1="11.155175" intensity="2.403925e-04" type="0"/>
    <Peak1D F1="10.740332" intensity="2.308750e-04" type="0"/>
    <Peak1D F1="10.703904" intensity="2.814453e-04" type="0"/>
    <Peak1D F1="10.594014" intensity="2.349472e-04" type="0"/>
    <Peak1D F1="10.572087" intensity="3.128420e-04" type="0"/>
    <Peak1D F1="10.506247" intensity="2.304009e-04" type="0"/>
    <Peak1D F1="10.413308" intensity="2.413331e-04" type="0"/>
    <Peak1D F1="10.343640" intensity="2.286638e-04" type="0"/>
    <Peak1D F1="10.306672" intensity="2.538616e-04" type="0"/>
    <Peak1D F1="10.287373" intensity="2.668785e-04" type="0"/>
    <Peak1D F1="10.217983" intensity="2.334769e-04" type="0"/>
    <Peak1D F1="10.136957" intensity="2.551231e-04" type="0"/>
    <Peak1D F1="10.099899" intensity="2.489532e-04" type="0"/>
    <Peak1D F1="10.040097" intensity="2.574979e-04" type="0"/>
    <Peak1D F1="9.638256" intensity="2.453903e-04" type="0"/>
    <Peak1D F1="9.503805" intensity="2.460501e-04" type="0"/>
    <Peak1D F1="9.473459" intensity="2.336052e-03" type="0"/>
    <Peak1D F1="9.418962" intensity="2.333104e-04" type="0"/>
    <Peak1D F1="9.266686" intensity="2.461664e-04" type="0"/>
    <Peak1D F1="8.436035" intensity="3.096378e-04" type="0"/>
    <Peak1D F1="8.202155" intensity="5.223805e-02" type="0"/>
    <Peak1D F1="8.105092" intensity="5.059848e-04" type="0"/>
    <Peak1D F1="8.041590" intensity="3.729253e-04" type="0"/>
    <Peak1D F1="8.034603" intensity="4.011006e-04" type="0"/>
    <Peak1D F1="7.959921" intensity="4.700261e-04" type="0"/>
    <Peak1D F1="4.671917" intensity="2.549807e-04" type="0"/>
    <Peak1D F1="4.657714" intensity="2.375164e-04" type="0"/>
    <Peak1D F1="4.538086" intensity="3.295444e-04" type="0"/>
    <Peak1D F1="4.497782" intensity="2.417050e-04" type="0"/>
    <Peak1D F1="4.446786" intensity="3.017437e-04" type="0"/>
    <Peak1D F1="4.407881" intensity="3.138791e-04" type="0"/>
    <Peak1D F1="4.385016" intensity="3.091084e-04" type="0"/>
    <Peak1D F1="4.377152" intensity="2.828557e-04" type="0"/>
    <Peak1D F1="4.360259" intensity="2.417841e-04" type="0"/>
    <Peak1D F1="4.307455" intensity="2.248160e-04" type="0"/>
    <Peak1D F1="4.274451" intensity="3.939224e-04" type="0"/>
    <Peak1D F1="4.249751" intensity="2.579238e-04" type="0"/>
    <Peak1D F1="4.117132" intensity="4.096269e-04" type="0"/>
    <Peak1D F1="4.092424" intensity="2.600626e-04" type="0"/>
    <Peak1D F1="4.020133" intensity="5.110669e-04" type="0"/>
    <Peak1D F1="4.009521" intensity="5.435273e-04" type="0"/>
    <Peak1D F1="3.946105" intensity="4.480157e-04" type="0"/>
    <Peak1D F1="3.942277" intensity="4.289463e-04" type="0"/>
    <Peak1D F1="3.917349" intensity="6.327864e-04" type="0"/>
    <Peak1D F1="3.860549" intensity="7.725359e-04" type="0"/>
    <Peak1D F1="3.842034" intensity="7.333883e-04" type="0"/>
    <Peak1D F1="3.812493" intensity="8.455520e-04" type="0"/>
    <Peak1D F1="3.783484" intensity="5.571937e-04" type="0"/>
    <Peak1D F1="3.719633" intensity="6.027980e-04" type="0"/>
    <Peak1D F1="3.692933" intensity="1.019016e-03" type="0"/>
    <Peak1D F1="3.679529" intensity="6.364686e-04" type="0"/>
    <Peak1D F1="3.646312" intensity="5.739441e-04" type="0"/>
    <Peak1D F1="3.576151" intensity="4.923642e-04" type="0"/>
    <Peak1D F1="3.561580" intensity="9.762692e-04" type="0"/>
    <Peak1D F1="3.545884" intensity="1.429027e-03" type="0"/>
    <Peak1D F1="3.523932" intensity="2.338966e-03" type="0"/>
    <Peak1D F1="3.510606" intensity="2.330244e-03" type="0"/>
    <Peak1D F1="3.504519" intensity="2.125122e-03" type="0"/>
    <Peak1D F1="3.476188" intensity="3.298873e-01" type="0"/>
    <Peak1D F1="3.437048" intensity="1.937756e-03" type="0"/>
    <Peak1D F1="3.410444" intensity="5.274360e-03" type="0"/>
    <Peak1D F1="3.391662" intensity="4.397197e-03" type="0"/>
    <Peak1D F1="3.361610" intensity="5.530107e-02" type="0"/>
    <Peak1D F1="3.330924" intensity="7.652615e-03" type="0"/>
    <Peak1D F1="3.298446" intensity="6.846667e-03" type="0"/>
    <Peak1D F1="3.271629" intensity="2.894325e-02" type="0"/>
    <Peak1D F1="3.262481" intensity="2.588919e-02" type="0"/>
    <Peak1D F1="3.241490" intensity="8.741783e-02" type="0"/>
    <Peak1D F1="3.192917" intensity="9.599711e+00" type="0"/>
    <Peak1D F1="3.130535" intensity="7.939712e-02" type="0"/>
    <Peak1D F1="3.103097" intensity="1.156380e-01" type="0"/>
    <Peak1D F1="3.098829" intensity="1.236609e-01" type="0"/>
    <Peak1D F1="3.094647" intensity="1.147006e-01" type="0"/>
    <Peak1D F1="3.073430" intensity="1.403977e-01" type="0"/>
    <Peak1D F1="3.026266" intensity="9.240841e+00" type="0"/>
    <Peak1D F1="2.963148" intensity="3.633931e-02" type="0"/>
    <Peak1D F1="2.936717" intensity="5.403195e-02" type="0"/>
    <Peak1D F1="2.932364" intensity="6.562783e-02" type="0"/>
    <Peak1D F1="2.928100" intensity="5.412439e-02" type="0"/>
    <Peak1D F1="2.880283" intensity="8.724265e-03" type="0"/>
    <Peak1D F1="2.852534" intensity="6.211285e-02" type="0"/>
    <Peak1D F1="2.820750" intensity="4.253608e-03" type="0"/>
    <Peak1D F1="2.798822" intensity="4.248203e-03" type="0"/>
    <Peak1D F1="2.786938" intensity="4.841721e-03" type="0"/>
    <Peak1D F1="2.765683" intensity="5.257550e-03" type="0"/>
    <Peak1D F1="2.748036" intensity="4.039347e-03" type="0"/>
    <Peak1D F1="2.726774" intensity="5.489708e-03" type="0"/>
    <Peak1D F1="2.684744" intensity="4.216761e-03" type="0"/>
    <Peak1D F1="2.676642" intensity="3.088716e-03" type="0"/>
    <Peak1D F1="2.665786" intensity="3.716576e-03" type="0"/>
    <Peak1D F1="2.647498" intensity="1.482222e-02" type="0"/>
    <Peak1D F1="2.634547" intensity="4.804597e-03" type="0"/>
    <Peak1D F1="2.622111" intensity="4.026159e-03" type="0"/>
    <Peak1D F1="2.603691" intensity="3.491952e-03" type="0"/>
    <Peak1D F1="2.579141" intensity="3.601115e-03" type="0"/>
    <Peak1D F1="2.563927" intensity="5.238189e-03" type="0"/>
    <Peak1D F1="2.549214" intensity="3.752190e-03" type="0"/>
    <Peak1D F1="2.530690" intensity="4.210048e-03" type="0"/>
    <Peak1D F1="2.512149" intensity="5.011501e-03" type="0"/>
    <Peak1D F1="2.499274" intensity="4.894511e-03" type="0"/>
    <Peak1D F1="2.471721" intensity="4.315952e-03" type="0"/>
    <Peak1D F1="2.448817" intensity="5.999954e-03" type="0"/>
    <Peak1D F1="2.436807" intensity="3.271642e-03" type="0"/>
    <Peak1D F1="2.426452" intensity="5.429766e-03" type="0"/>
    <Peak1D F1="2.416337" intensity="4.569145e-03" type="0"/>
    <Peak1D F1="2.396866" intensity="8.111282e-03" type="0"/>
    <Peak1D F1="2.388513" intensity="6.491189e-03" type="0"/>
    <Peak1D F1="2.379228" intensity="7.629779e-03" type="0"/>
    <Peak1D F1="2.369042" intensity="7.204329e-03" type="0"/>
    <Peak1D F1="2.361213" intensity="5.532911e-03" type="0"/>
    <Peak1D F1="2.337729" intensity="9.550656e-02" type="0"/>
    <Peak1D F1="2.318992" intensity="1.513298e-02" type="0"/>
    <Peak1D F1="2.294253" intensity="9.838824e-03" type="0"/>
    <Peak1D F1="2.287937" intensity="8.553706e-03" type="0"/>
    <Peak1D F1="2.259738" intensity="3.219015e-02" type="0"/>
    <Peak1D F1="2.250093" intensity="2.284441e-02" type="0"/>
    <Peak1D F1="2.230002" intensity="8.164484e-02" type="0"/>
    <Peak1D F1="2.180416" intensity="1.500000e+01" type="0"/>
    <Peak1D F1="2.147879" intensity="4.010167e-02" type="0"/>
    <Peak1D F1="2.117212" intensity="2.070603e-02" type="0"/>
    <Peak1D F1="2.108360" intensity="1.392484e-03" type="0"/>
    <Peak1D F1="2.080844" intensity="1.016957e-02" type="0"/>
    <Peak1D F1="2.062073" intensity="3.378200e-03" type="0"/>
    <Peak1D F1="2.056376" intensity="3.783629e-03" type="0"/>
    <Peak1D F1="2.019186" intensity="9.153224e-02" type="0"/>
    <Peak1D F1="1.927788" intensity="9.161492e-04" type="0"/>
    <Peak1D F1="1.920186" intensity="1.302861e-03" type="0"/>
    <Peak1D F1="1.903939" intensity="1.099034e-03" type="0"/>
    <Peak1D F1="1.881096" intensity="2.081799e-03" type="0"/>
    <Peak1D F1="1.841705" intensity="1.906720e-03" type="0"/>
    <Peak1D F1="1.818565" intensity="1.051580e-03" type="0"/>
    <Peak1D F1="1.805509" intensity="9.965853e-04" type="0"/>
    <Peak1D F1="1.789353" intensity="9.256854e-04" type="0"/>
    <Peak1D F1="1.775007" intensity="1.319139e-03" type="0"/>
    <Peak1D F1="1.762782" intensity="8.696957e-04" type="0"/>
    <Peak1D F1="1.752256" intensity="1.889652e-03" type="0"/>
    <Peak1D F1="1.734274" intensity="7.571402e-04" type="0"/>
    <Peak1D F1="1.715885" intensity="1.532302e-03" type="0"/>
    <Peak1D F1="1.703439" intensity="6.550313e-04" type="0"/>
    <Peak1D F1="1.664360" intensity="5.196924e-04" type="0"/>
    <Peak1D F1="1.614891" intensity="1.168131e-03" type="0"/>
    <Peak1D F1="1.583921" intensity="4.059203e-04" type="0"/>
    <Peak1D F1="1.551505" intensity="6.963996e-04" type="0"/>
    <Peak1D F1="1.524597" intensity="3.541685e-04" type="0"/>
    <Peak1D F1="1.502653" intensity="4.584616e-04" type="0"/>
    <Peak1D F1="1.482980" intensity="8.118942e-04" type="0"/>
    <Peak1D F1="1.433680" intensity="3.036193e-04" type="0"/>
    <Peak1D F1="1.407822" intensity="4.796457e-04" type="0"/>
    <Peak1D F1="1.377575" intensity="4.106558e-04" type="0"/>
    <Peak1D F1="1.360548" intensity="2.812336e-04" type="0"/>
    <Peak1D F1="1.343504" intensity="4.943855e-04" type="0"/>
    <Peak1D F1="1.323479" intensity="7.956019e-04" type="0"/>
    <Peak1D F1="1.302287" intensity="9.256656e-04" type="0"/>
    <Peak1D F1="1.268133" intensity="5.891309e-04" type="0"/>
    <Peak1D F1="1.230686" intensity="1.525748e-03" type="0"/>
    <Peak1D F1="1.211834" intensity="2.074384e-03" type="0"/>
    <Peak1D F1="1.193855" intensity="1.082815e-03" type="0"/>
    <Peak1D F1="1.161459" intensity="6.816516e-04" type="0"/>
    <Peak1D F1="1.148956" intensity="3.916613e-04" type="0"/>
    <Peak1D F1="1.127563" intensity="5.856434e-04" type="0"/>
    <Peak1D F1="1.115113" intensity="4.044006e-04" type="0"/>
    <Peak1D F1="1.058699" intensity="4.293463e-04" type="0"/>
    <Peak1D F1="1.033717" intensity="4.287755e-04" type="0"/>
    <Peak1D F1="1.014474" intensity="4.443359e-04" type="0"/>
    <Peak1D F1="0.999780" intensity="4.660509e-04" type="0"/>
    <Peak1D F1="0.986389" intensity="3.946369e-04" type="0"/>
    <Peak1D F1="0.978829" intensity="4.453524e-04" type="0"/>
    <Peak1D F1="0.966453" intensity="2.938991e-04" type="0"/>
    <Peak1D F1="0.955020" intensity="3.013122e-04" type="0"/>
    <Peak1D F1="0.913045" intensity="2.786677e-04" type="0"/>
    <Peak1D F1="0.883947" intensity="3.393947e-04" type="0"/>
    <Peak1D F1="0.859753" intensity="3.364444e-04" type="0"/>
    <Peak1D F1="0.820854" intensity="3.598674e-04" type="0"/>
    <Peak1D F1="0.792390" intensity="2.761742e-04" type="0"/>
    <Peak1D F1="0.771593" intensity="3.257843e-04" type="0"/>
    <Peak1D F1="0.737714" intensity="2.750951e-04" type="0"/>
    <Peak1D F1="0.711384" intensity="2.964332e-04" type="0"/>
    <Peak1D F1="0.666864" intensity="2.456743e-04" type="0"/>
    <Peak1D F1="0.648509" intensity="2.553121e-04" type="0"/>
    <Peak1D F1="0.601457" intensity="3.010092e-04" type="0"/>
    <Peak1D F1="0.516954" intensity="2.684791e-04" type="0"/>
    <Peak1D F1="0.454902" intensity="2.579319e-04" type="0"/>
    <Peak1D F1="0.362907" intensity="2.256322e-04" type="0"/>
    <Peak1D F1="0.338542" intensity="2.391851e-04" type="0"/>
    <Peak1D F1="0.324656" intensity="2.508263e-04" type="0"/>
    <Peak1D F1="-2.471298" intensity="2.649464e-04" type="0"/>
    <Peak1D F1="-3.338780" intensity="2.410515e-04" type="0"/>
    <Peak1D F1="-3.545254" intensity="2.411966e-04" type="0"/>
  </PeakList1D>
</PeakList>
