<?xml version="1.0" encoding="UTF-8"?>
<PeakList>
  <PeakList1D>
    <PeakList1DHeader creator="nmr" date="2022-03-21T12:41:24.814-04:00" expNo="1" name="357dma_343" owner="" procNo="1" source="/opt/topspin3.0/data/UG-labs/nmr">
      <PeakPickDetails>F1=16.186520ppm, F2=-3.836521ppm, MI=0.00cm, MAXI=10000.00cm, PC=1.000
      </PeakPickDetails>
    </PeakList1DHeader>
    <Peak1D F1="15.960323" intensity="2.823921e-04" type="0"/>
    <Peak1D F1="9.460628" intensity="1.972918e-03" type="0"/>
    <Peak1D F1="8.433811" intensity="4.247188e-04" type="0"/>
    <Peak1D F1="8.362389" intensity="2.995226e-04" type="0"/>
    <Peak1D F1="8.346611" intensity="3.514479e-04" type="0"/>
    <Peak1D F1="8.318749" intensity="3.519161e-04" type="0"/>
    <Peak1D F1="8.287546" intensity="5.442522e-04" type="0"/>
    <Peak1D F1="8.195710" intensity="4.604662e-02" type="0"/>
    <Peak1D F1="5.053717" intensity="3.887371e-04" type="0"/>
    <Peak1D F1="4.981809" intensity="3.528711e-04" type="0"/>
    <Peak1D F1="4.892300" intensity="2.960428e-04" type="0"/>
    <Peak1D F1="4.744668" intensity="3.381832e-04" type="0"/>
    <Peak1D F1="4.711887" intensity="3.115574e-04" type="0"/>
    <Peak1D F1="4.690955" intensity="2.886351e-04" type="0"/>
    <Peak1D F1="4.666102" intensity="3.415313e-04" type="0"/>
    <Peak1D F1="4.596742" intensity="3.613879e-04" type="0"/>
    <Peak1D F1="4.524389" intensity="3.548548e-04" type="0"/>
    <Peak1D F1="4.483784" intensity="4.362416e-04" type="0"/>
    <Peak1D F1="4.329418" intensity="3.168462e-04" type="0"/>
    <Peak1D F1="4.301139" intensity="3.314113e-04" type="0"/>
    <Peak1D F1="3.608782" intensity="1.369878e-03" type="0"/>
    <Peak1D F1="3.480766" intensity="3.362866e-03" type="0"/>
    <Peak1D F1="3.440872" intensity="3.754372e-03" type="0"/>
    <Peak1D F1="3.357365" intensity="2.841986e-02" type="0"/>
    <Peak1D F1="3.313999" intensity="3.619520e-01" type="0"/>
    <Peak1D F1="3.189324" intensity="3.207030e+00" type="0"/>
    <Peak1D F1="3.093379" intensity="4.711077e-01" type="0"/>
    <Peak1D F1="3.029189" intensity="3.144999e+00" type="0"/>
    <Peak1D F1="2.937249" intensity="7.786909e-02" type="0"/>
    <Peak1D F1="2.932814" intensity="8.320127e-02" type="0"/>
    <Peak1D F1="2.856213" intensity="2.381521e-02" type="0"/>
    <Peak1D F1="2.813318" intensity="4.750488e-03" type="0"/>
    <Peak1D F1="2.788265" intensity="4.249009e-03" type="0"/>
    <Peak1D F1="2.764487" intensity="2.847408e-03" type="0"/>
    <Peak1D F1="2.717524" intensity="2.412365e-03" type="0"/>
    <Peak1D F1="2.705531" intensity="2.214163e-03" type="0"/>
    <Peak1D F1="2.683411" intensity="2.803971e-03" type="0"/>
    <Peak1D F1="2.667489" intensity="3.074989e-03" type="0"/>
    <Peak1D F1="2.655961" intensity="1.772145e-03" type="0"/>
    <Peak1D F1="2.630673" intensity="1.386619e-02" type="0"/>
    <Peak1D F1="2.609323" intensity="1.855740e-03" type="0"/>
    <Peak1D F1="2.590076" intensity="3.407531e-03" type="0"/>
    <Peak1D F1="2.569257" intensity="1.219864e-03" type="0"/>
    <Peak1D F1="2.554869" intensity="1.415830e-03" type="0"/>
    <Peak1D F1="2.539060" intensity="1.279138e-03" type="0"/>
    <Peak1D F1="2.512083" intensity="1.089874e-03" type="0"/>
    <Peak1D F1="2.468049" intensity="5.203382e-03" type="0"/>
    <Peak1D F1="2.431921" intensity="2.331939e-03" type="0"/>
    <Peak1D F1="2.407262" intensity="1.657999e-03" type="0"/>
    <Peak1D F1="2.383763" intensity="5.206320e-03" type="0"/>
    <Peak1D F1="2.345431" intensity="9.373901e-03" type="0"/>
    <Peak1D F1="2.331913" intensity="9.277551e-02" type="0"/>
    <Peak1D F1="2.307946" intensity="4.147710e-03" type="0"/>
    <Peak1D F1="2.302211" intensity="4.177035e-03" type="0"/>
    <Peak1D F1="2.292228" intensity="2.053237e-03" type="0"/>
    <Peak1D F1="2.264865" intensity="1.093964e-02" type="0"/>
    <Peak1D F1="2.252578" intensity="2.109309e-02" type="0"/>
    <Peak1D F1="2.229758" intensity="5.358766e-02" type="0"/>
    <Peak1D F1="2.174579" intensity="1.500000e+01" type="0"/>
    <Peak1D F1="2.136154" intensity="5.703479e-02" type="0"/>
    <Peak1D F1="2.126875" intensity="5.216011e-02" type="0"/>
    <Peak1D F1="2.106003" intensity="3.877302e-02" type="0"/>
    <Peak1D F1="2.091025" intensity="2.237602e-02" type="0"/>
    <Peak1D F1="2.069826" intensity="3.293542e-02" type="0"/>
    <Peak1D F1="2.053760" intensity="1.388544e-02" type="0"/>
    <Peak1D F1="2.037175" intensity="1.151713e-02" type="0"/>
    <Peak1D F1="2.013282" intensity="9.766884e-02" type="0"/>
    <Peak1D F1="1.982794" intensity="1.183151e-02" type="0"/>
    <Peak1D F1="1.951635" intensity="6.075293e-03" type="0"/>
    <Peak1D F1="1.936219" intensity="8.221987e-03" type="0"/>
    <Peak1D F1="1.925371" intensity="7.120664e-03" type="0"/>
    <Peak1D F1="1.903550" intensity="7.697424e-03" type="0"/>
    <Peak1D F1="1.864581" intensity="6.233604e-03" type="0"/>
    <Peak1D F1="1.857648" intensity="6.859854e-03" type="0"/>
    <Peak1D F1="1.846693" intensity="6.367869e-03" type="0"/>
    <Peak1D F1="1.828039" intensity="7.408268e-03" type="0"/>
    <Peak1D F1="1.804198" intensity="5.357685e-03" type="0"/>
    <Peak1D F1="1.785915" intensity="4.823429e-03" type="0"/>
    <Peak1D F1="1.771526" intensity="5.687541e-03" type="0"/>
    <Peak1D F1="1.749349" intensity="4.239036e-03" type="0"/>
    <Peak1D F1="1.733410" intensity="3.764575e-03" type="0"/>
    <Peak1D F1="1.707484" intensity="5.086328e-03" type="0"/>
    <Peak1D F1="1.689751" intensity="4.561939e-03" type="0"/>
    <Peak1D F1="1.675082" intensity="3.680854e-03" type="0"/>
    <Peak1D F1="1.652909" intensity="5.084803e-03" type="0"/>
    <Peak1D F1="1.640918" intensity="3.853034e-03" type="0"/>
    <Peak1D F1="1.621384" intensity="3.703714e-03" type="0"/>
    <Peak1D F1="1.590330" intensity="2.603242e-03" type="0"/>
    <Peak1D F1="1.573668" intensity="3.166200e-03" type="0"/>
    <Peak1D F1="1.545797" intensity="3.965413e-03" type="0"/>
    <Peak1D F1="1.533513" intensity="3.479745e-03" type="0"/>
    <Peak1D F1="1.514364" intensity="3.215776e-03" type="0"/>
    <Peak1D F1="1.500573" intensity="2.944432e-03" type="0"/>
    <Peak1D F1="1.489315" intensity="3.124346e-03" type="0"/>
    <Peak1D F1="1.473801" intensity="3.500205e-03" type="0"/>
    <Peak1D F1="1.456426" intensity="3.465926e-03" type="0"/>
    <Peak1D F1="1.444263" intensity="2.901422e-03" type="0"/>
    <Peak1D F1="1.409369" intensity="2.773958e-03" type="0"/>
    <Peak1D F1="1.383694" intensity="2.961850e-03" type="0"/>
    <Peak1D F1="1.356754" intensity="2.818431e-03" type="0"/>
    <Peak1D F1="1.338939" intensity="2.764242e-03" type="0"/>
    <Peak1D F1="1.308727" intensity="2.625426e-03" type="0"/>
    <Peak1D F1="1.283952" intensity="2.449250e-03" type="0"/>
    <Peak1D F1="1.267589" intensity="2.633313e-03" type="0"/>
    <Peak1D F1="1.240202" intensity="3.013080e-03" type="0"/>
    <Peak1D F1="1.222247" intensity="3.627066e-03" type="0"/>
    <Peak1D F1="1.202644" intensity="2.849161e-03" type="0"/>
    <Peak1D F1="1.149498" intensity="2.175058e-03" type="0"/>
    <Peak1D F1="1.078157" intensity="2.046397e-03" type="0"/>
    <Peak1D F1="1.043279" intensity="1.969080e-03" type="0"/>
    <Peak1D F1="1.010973" intensity="1.924084e-03" type="0"/>
    <Peak1D F1="0.988234" intensity="1.835817e-03" type="0"/>
    <Peak1D F1="0.963938" intensity="1.835573e-03" type="0"/>
    <Peak1D F1="0.925596" intensity="1.716162e-03" type="0"/>
    <Peak1D F1="0.892679" intensity="1.643165e-03" type="0"/>
    <Peak1D F1="0.873977" intensity="1.718229e-03" type="0"/>
    <Peak1D F1="0.854142" intensity="1.727201e-03" type="0"/>
    <Peak1D F1="0.809115" intensity="1.614037e-03" type="0"/>
    <Peak1D F1="0.782137" intensity="1.571707e-03" type="0"/>
    <Peak1D F1="0.752248" intensity="1.566997e-03" type="0"/>
    <Peak1D F1="0.630154" intensity="1.241521e-03" type="0"/>
    <Peak1D F1="0.615360" intensity="1.309544e-03" type="0"/>
    <Peak1D F1="0.584084" intensity="1.406739e-03" type="0"/>
    <Peak1D F1="0.558715" intensity="1.303953e-03" type="0"/>
    <Peak1D F1="0.498282" intensity="1.217866e-03" type="0"/>
    <Peak1D F1="0.489658" intensity="1.216658e-03" type="0"/>
    <Peak1D F1="0.472134" intensity="1.218809e-03" type="0"/>
    <Peak1D F1="0.432729" intensity="1.183460e-03" type="0"/>
    <Peak1D F1="0.412159" intensity="1.133577e-03" type="0"/>
    <Peak1D F1="0.389803" intensity="1.164521e-03" type="0"/>
    <Peak1D F1="0.314142" intensity="1.147900e-03" type="0"/>
    <Peak1D F1="0.297684" intensity="1.072713e-03" type="0"/>
    <Peak1D F1="0.275102" intensity="1.021305e-03" type="0"/>
    <Peak1D F1="0.229117" intensity="9.638790e-04" type="0"/>
    <Peak1D F1="0.212540" intensity="9.744983e-04" type="0"/>
    <Peak1D F1="0.208255" intensity="1.026886e-03" type="0"/>
    <Peak1D F1="0.183548" intensity="9.509715e-04" type="0"/>
    <Peak1D F1="0.155476" intensity="9.387086e-04" type="0"/>
    <Peak1D F1="0.124528" intensity="8.823835e-04" type="0"/>
    <Peak1D F1="0.082841" intensity="8.795792e-04" type="0"/>
    <Peak1D F1="0.045354" intensity="8.460342e-04" type="0"/>
    <Peak1D F1="0.027202" intensity="8.346822e-04" type="0"/>
    <Peak1D F1="0.002820" intensity="7.988432e-04" type="0"/>
    <Peak1D F1="-0.009974" intensity="8.451430e-04" type="0"/>
    <Peak1D F1="-0.114181" intensity="7.933649e-04" type="0"/>
    <Peak1D F1="-0.157806" intensity="6.879761e-04" type="0"/>
    <Peak1D F1="-0.191537" intensity="6.770107e-04" type="0"/>
    <Peak1D F1="-0.219762" intensity="6.691356e-04" type="0"/>
    <Peak1D F1="-0.262190" intensity="6.357356e-04" type="0"/>
    <Peak1D F1="-0.313693" intensity="5.787179e-04" type="0"/>
    <Peak1D F1="-0.340001" intensity="5.982139e-04" type="0"/>
    <Peak1D F1="-0.375086" intensity="6.180512e-04" type="0"/>
    <Peak1D F1="-0.386838" intensity="5.485566e-04" type="0"/>
    <Peak1D F1="-0.496043" intensity="5.810907e-04" type="0"/>
    <Peak1D F1="-0.509121" intensity="5.643951e-04" type="0"/>
    <Peak1D F1="-0.523155" intensity="5.511232e-04" type="0"/>
    <Peak1D F1="-0.570998" intensity="5.282191e-04" type="0"/>
    <Peak1D F1="-0.641786" intensity="4.821782e-04" type="0"/>
    <Peak1D F1="-0.680902" intensity="4.801737e-04" type="0"/>
    <Peak1D F1="-0.756242" intensity="4.592641e-04" type="0"/>
    <Peak1D F1="-0.783494" intensity="4.699529e-04" type="0"/>
    <Peak1D F1="-0.816369" intensity="4.397340e-04" type="0"/>
    <Peak1D F1="-0.853500" intensity="3.574517e-04" type="0"/>
    <Peak1D F1="-0.873124" intensity="3.439012e-04" type="0"/>
    <Peak1D F1="-0.928736" intensity="3.311947e-04" type="0"/>
    <Peak1D F1="-1.020924" intensity="3.560926e-04" type="0"/>
    <Peak1D F1="-1.100031" intensity="2.959664e-04" type="0"/>
    <Peak1D F1="-1.276745" intensity="3.426431e-04" type="0"/>
    <Peak1D F1="-1.306122" intensity="2.927451e-04" type="0"/>
    <Peak1D F1="-1.419083" intensity="2.843706e-04" type="0"/>
    <Peak1D F1="-2.706727" intensity="3.068044e-04" type="0"/>
    <Peak1D F1="-3.734988" intensity="2.975270e-04" type="0"/>
  </PeakList1D>
</PeakList>
